customer_id,Name,eMail,signup_date
1,William Crawford,kara57@example.net,2022-09-25
2,Douglas Francis,donald89@example.net,2022-04-27
3,Sarah Marquez DDS,bbuchanan@example.net,2023-12-18
4,Shannon Stone,atkinscrystal@example.com,2024-06-15
5,Cynthia Tyler,rperez@example.com,2023-10-11
6,Cindy Perry,markross@example.net,2025-01-22
7,Alec Roberts,josephbradley@example.net,2022-10-18
8,Jamie Romero,mcneiljennifer@example.net,2024-09-12
9,Kayla House,marcknight@example.org,2023-01-03
10,Jacqueline Jackson,michael59@example.org,2022-07-07
11,Jennifer Kim,badams@example.net,2023-02-12
12,Kristi Haynes,susanwilcox@example.org,2022-06-19
13,Rebecca Washington,awright@example.com,2023-12-11
14,Jennifer Patrick,heathercrawford@example.org,2022-08-11
15,Stephanie Dickerson,caitlin67@example.net,2024-04-06
16,Tyler Edwards PhD,veronicawilson@example.com,2023-01-16
17,Crystal Lee,cward@example.com,2022-03-16
18,Jacqueline Walker,barmstrong@example.com,2024-05-23
19,Leslie Travis,osloan@example.org,2024-04-26
20,Lisa Henderson,adamharris@example.com,2022-08-03
21,Sophia Hayes,maria00@example.com,2022-08-05
22,Antonio Wilson,williamharris@example.org,2023-12-02
23,Deborah Reynolds,grossmark@example.net,2025-01-16
24,Nicholas Allen,johnsonrick@example.net,2024-03-10
25,Lisa Miller,mary41@example.com,2024-07-01
26,Mr. Albert Lynn,stuartdeborah@example.net,2022-05-04
27,Stephen Perry,lmatthews@example.net,2023-02-23
28,Nathaniel Crawford,debra39@example.net,2024-03-01
29,Zachary Johnson,amy74@example.net,2022-11-20
30,Alexander Hernandez,caldwellrebecca@example.com,2024-07-21
31,Seth Johnson,garciajonathan@example.net,2023-10-07
32,Marissa Allen,jacobsmith@example.com,2024-09-01
33,Tonya Bradshaw,paul52@example.net,2023-09-21
34,Stacey Jones,aaron72@example.com,2023-02-03
35,Dawn Shaw,mitchelljulie@example.net,2024-09-17
36,Matthew Smith,mariagarcia@example.net,2023-08-03
37,Brett Fox,rspencer@example.com,2022-03-11
38,Chad Barnett,patricia99@example.org,2023-07-29
39,Kristina Russell,joseph66@example.net,2024-09-10
40,Tammy Hale,connie24@example.net,2024-06-30
41,Thomas Sellers,alyssanielsen@example.com,2025-01-04
42,Robert Miller,gutierrezveronica@example.org,2023-11-26
43,Michelle Sullivan,jason23@example.com,2022-06-22
44,Brittany Rodgers,miranda48@example.net,2023-01-01
45,David Johnson,utapia@example.net,2023-08-17
46,Jennifer Kane,timothy54@example.com,2022-05-31
47,Amber Rangel,zduarte@example.net,2024-09-05
48,Chase Ortiz,renee53@example.com,2024-12-12
49,Amy Jones,stewartkatherine@example.com,2022-03-24
50,Alyssa Curry,james48@example.com,2022-04-24
51,Jeffery Stephens,ogarcia@example.com,2022-09-09
52,Cassandra Brown,tpatel@example.net,2024-09-22
53,Sabrina Davidson,allison11@example.org,2023-07-02
54,Sheila Taylor,nunezrobin@example.org,2022-08-29
55,Emily Best,emilygraves@example.net,2023-03-19
56,Kelly Keller,gregoryhernandez@example.com,2022-12-05
57,Julie Olson,ofuller@example.org,2024-02-10
58,Steven Mueller,erobbins@example.net,2023-09-22
59,Kelli Oconnell,karen32@example.org,2022-11-17
60,Mr. Patrick Lang MD,anita29@example.org,2024-07-13
61,Natalie Johnson,frederick49@example.net,2024-02-04
62,Brittany Johnson,josephmorris@example.net,2022-12-21
63,Todd Jensen,courtney05@example.com,2024-12-06
64,Russell Brooks,michael90@example.org,2023-09-22
65,Lindsey Holmes,breese@example.net,2024-06-06
66,Linda Levy,nicholashughes@example.org,2022-05-03
67,Jeffrey Graham,jody61@example.org,2023-10-06
68,Jennifer Leblanc,nbradshaw@example.net,2023-07-15
69,David Frost,perryrachael@example.com,2024-02-25
70,Anthony Hale,russell23@example.org,2025-02-20
71,Ralph Murray,clarkwhitney@example.net,2023-01-17
72,Catherine Ward,jacksonyvette@example.net,2024-02-03
73,Maria Harris,garrettsteven@example.org,2023-05-13
74,Joseph Patrick,halldavid@example.com,2022-05-03
75,Lisa Williams,millerscott@example.net,2022-06-25
76,Victoria Hall,wspencer@example.net,2023-10-19
77,Patricia Anthony,barnesmichael@example.com,2023-06-30
78,Terri Henderson,bschmidt@example.com,2023-06-06
79,Daniel Andrews,gillkara@example.com,2023-02-09
80,Paul Hood,debra23@example.org,2024-07-29
81,Jack Schneider,anita63@example.org,2024-05-07
82,Adrienne Norris,jamesmosley@example.org,2024-08-20
83,Robert Martinez,goodmanrachel@example.org,2023-06-22
84,Katherine Russell,ddean@example.org,2024-05-08
85,Joseph Castillo,ytorres@example.org,2022-10-23
86,Tammy Wood,bgross@example.org,2022-12-28
87,Mary Harvey,toni98@example.com,2023-08-14
88,Tammy Mcfarland,ohumphrey@example.net,2023-07-07
89,Whitney Vazquez,kristen71@example.org,2023-09-29
90,George Melendez,theresareyes@example.net,2025-01-30
91,John Nelson,haroldhunter@example.org,2023-03-09
92,Charles Rodriguez,mindybrown@example.com,2024-06-26
93,William Dixon,uowens@example.org,2022-08-09
94,Brian Murillo,geraldwalker@example.org,2024-11-30
95,Ian Meyer,lisaross@example.com,2023-07-27
96,Melissa Klein,christopher89@example.net,2024-03-10
97,Michael Harvey,cgarcia@example.net,2023-10-16
98,Lisa Mercado,pgeorge@example.net,2023-05-27
99,Kara Wells,callen@example.org,2023-07-06
100,Theresa Shea,cameron53@example.net,2023-08-14
101,Joseph Gray,diana14@example.net,2022-05-09
102,Jason Rodriguez,stevenbrown@example.net,2023-12-12
103,Sean Smith,dlucas@example.org,2022-08-23
104,Karen Brown,allengomez@example.com,2023-11-22
105,Sarah Rodriguez,jeremy51@example.com,2022-12-31
106,Tina Ferrell,gellison@example.com,2024-06-21
107,Daniel Mcintyre,harold63@example.com,2024-08-28
108,Ryan Wilson,alexis70@example.net,2022-05-21
109,Shelly Olson,hperez@example.com,2023-08-03
110,James Mitchell,oadams@example.com,2024-12-27
111,Eric Wallace,montesjustin@example.com,2023-04-14
112,Kathryn May,pbutler@example.com,2022-09-17
113,Regina Newman,jessica16@example.com,2023-03-24
114,Robert Riley,lisajoseph@example.net,2023-12-05
115,Jesse Hill,lesliehoward@example.net,2023-11-06
116,Brittany Wheeler,vpeterson@example.com,2025-01-11
117,Alan Fisher,crystal09@example.com,2024-03-08
118,Angela Graves,smithmary@example.com,2023-02-18
119,Mr. Brian Taylor DDS,kenneth63@example.net,2024-06-22
120,Amy Carpenter,ehebert@example.org,2024-04-01
121,Emily Miller,tony62@example.com,2025-01-07
122,Jessica Brown,morrisjennifer@example.org,2022-11-25
123,Monica Weaver,yjohnson@example.org,2022-11-11
124,Rachel Thomas,tyrone07@example.org,2023-07-09
125,Joseph Padilla,ryan23@example.org,2023-10-09
126,Linda Gregory,megan63@example.com,2023-05-13
127,Anthony Hughes,randallsherman@example.net,2025-02-09
128,Joshua Rodriguez,bushlori@example.com,2022-03-07
129,Tamara Clay,pflowers@example.net,2023-03-23
130,Megan Stewart,craig37@example.net,2023-08-30
131,Michelle Perkins,hooverevelyn@example.com,2023-09-17
132,Jennifer Rios,qzuniga@example.com,2022-11-24
133,Jeffrey Jones,fjohnson@example.net,2023-12-22
134,Alexander Hawkins,michael82@example.org,2022-04-18
135,Haley Brewer,amandathompson@example.com,2024-06-28
136,Christopher Morales,christopher19@example.org,2022-12-14
137,Christian Blanchard,morrisvictoria@example.com,2024-01-04
138,Eric Dawson,kwalker@example.net,2024-05-27
139,Richard Adkins,michael91@example.com,2024-06-26
140,Evan Wade,romanbrittany@example.com,2024-06-09
141,Alice Keith,qmarks@example.com,2024-12-16
142,Michael Lester,mcdanielmolly@example.com,2023-04-24
143,Miranda White,xsilva@example.com,2024-01-01
144,Paige Kramer,terrywilson@example.com,2023-02-03
145,Mackenzie Klein,eatonjennifer@example.net,2023-03-03
146,Courtney Hines,bateslaura@example.com,2022-04-17
147,Nicole Thomas,fdavis@example.net,2023-05-23
148,Jason Day,halllisa@example.com,2022-08-03
149,Darin Wong,wlong@example.com,2023-08-20
150,Andrew Smith,smithjoshua@example.com,2022-04-02
151,Hayley Lamb,biancamann@example.com,2023-02-06
152,Linda Lewis,jonesjennifer@example.com,2022-05-08
153,William Harrell,dwagner@example.com,2023-12-07
154,Christian Hines,emilybarrett@example.com,2023-01-24
155,Ann Larsen,jenningschristine@example.net,2024-09-11
156,Julie Young,hcoleman@example.net,2024-09-21
157,David Irwin,landryjustin@example.net,2023-10-30
158,Jacob Rodriguez,glennhenderson@example.net,2023-12-21
159,Miss Lisa Cross,bmartin@example.com,2024-11-05
160,Paul Jones,jacquelinerogers@example.net,2024-10-12
161,Tracey Phillips,tmeyer@example.com,2023-07-20
162,Jennifer Ruiz,oferguson@example.com,2024-06-10
163,John Brown,julie35@example.org,2024-07-03
164,Bernard Aguirre,fullerdan@example.com,2023-08-24
165,Joseph Jensen,tammy14@example.net,2022-06-26
166,Julie Brown,smithlorraine@example.com,2022-05-15
167,Amy George,ghernandez@example.com,2023-03-05
168,Anthony Camacho,cnguyen@example.net,2022-04-05
169,Mr. Johnny Carey PhD,maria50@example.com,2024-08-03
170,Lucas Williamson,orogers@example.net,2024-11-21
171,Jose Wilkinson,weberjesus@example.com,2023-06-20
172,Ricardo Logan,ryan68@example.com,2022-04-08
173,Victoria Alexander,arthur33@example.com,2023-04-20
174,Stephanie Heath,qbell@example.org,2022-09-11
175,Kirsten Mcconnell,meghanchambers@example.net,2022-05-17
176,Sara Dixon,jessicagoodman@example.net,2022-10-09
177,Amy Torres,scherry@example.net,2022-10-30
178,Ann Anderson,chelsea13@example.com,2024-05-10
179,Samantha Hubbard,hboyd@example.org,2022-07-14
180,Rodney Jensen,xhall@example.org,2023-11-05
181,Gloria Barker,deannastanton@example.net,2022-08-15
182,Kyle Chan,natalie34@example.net,2023-09-21
183,Carrie Mcbride,morganalbert@example.net,2024-01-11
184,Alison Schwartz,vkim@example.net,2023-11-11
185,Sharon Stephens,victor52@example.com,2023-05-12
186,Jacqueline Elliott,mariathompson@example.net,2024-03-28
187,Jeremy Fisher,irodriguez@example.com,2025-01-24
188,Mary Henderson,samanthacoleman@example.org,2023-10-23
189,Dr. Michael Orozco,lauren37@example.org,2022-06-24
190,Shannon Johnson MD,jason00@example.com,2024-11-15
191,William Miller,brian65@example.net,2024-04-17
192,Johnny Horton,cmartinez@example.org,2023-10-26
193,Adriana Lewis,cbowman@example.org,2024-01-25
194,Maria Frederick,julia98@example.com,2023-12-01
195,Robert Grimes,nicole05@example.org,2023-09-13
196,Rebekah Jones,jill17@example.net,2022-03-07
197,Joseph Becker,brandyprice@example.com,2022-11-14
198,Amy Grant,jstewart@example.net,2023-11-28
199,Angela Potts,michaelmolina@example.org,2025-02-14
200,Stephen Vega,kevin54@example.org,2022-04-05
201,Jordan Wright,hwatts@example.org,2023-05-13
202,Ricky Tucker,michael39@example.com,2024-10-28
203,John Brown,kjohnson@example.com,2022-12-04
204,Amy Oneill,gomezrichard@example.org,2024-12-30
205,Patricia Chavez,jason27@example.com,2022-04-14
206,Paula Rojas,bennettchristina@example.com,2024-05-23
207,Stephen Turner,harthannah@example.org,2022-04-30
208,Richard Dickerson III,danielledavis@example.org,2023-09-30
209,Michele Smith,gregory25@example.org,2022-09-11
210,Christine Newton,tnicholson@example.net,2023-03-03
211,Jason Short,ryan07@example.com,2023-11-21
212,Jason Molina,andrea27@example.com,2022-12-04
213,Brianna Phillips,amber80@example.net,2024-02-24
214,Arthur Ryan,fhoward@example.net,2024-09-06
215,Christopher Koch,bwells@example.net,2024-01-22
216,Ian Jimenez,ebrewer@example.net,2023-09-25
217,Neil Meadows,jefferypalmer@example.net,2024-02-29
218,Danielle Nichols,ericawashington@example.org,2024-04-04
219,Tiffany Watts,jamesdaniel@example.org,2024-01-21
220,Michael Keller,david77@example.net,2024-08-30
221,Megan Richards,rmcdaniel@example.com,2024-01-05
222,Margaret Moore,orichards@example.com,2024-07-20
223,Alan Wong,wesley66@example.org,2023-04-17
224,Karen Stewart,james32@example.com,2024-02-28
225,Kent Simmons,pharris@example.net,2024-08-18
226,Daniel Travis,jennifergarrett@example.com,2025-01-31
227,Dale Grant,davidgonzalez@example.com,2024-07-24
228,Walter Hicks,anne85@example.net,2022-07-16
229,Austin Benjamin,lisa99@example.com,2022-10-28
230,David Stewart,xcampbell@example.net,2024-08-16
231,Jeffrey Chapman,john29@example.com,2022-03-25
232,Danielle Turner,nelsonjohn@example.com,2025-01-19
233,Julia Murray,juliahoward@example.org,2023-08-17
234,Wesley Dawson,shaneholden@example.com,2023-09-08
235,Alicia Mclaughlin,henryhamilton@example.org,2023-08-31
236,Hannah Washington,schneiderlaura@example.net,2024-03-14
237,Raymond Gibson,riosdeborah@example.com,2024-07-13
238,Brittany Butler,shannonjustin@example.net,2023-06-01
239,Michelle Stevens,ecrane@example.org,2024-01-29
240,Kimberly Farrell,christopherjimenez@example.net,2024-11-12
241,Dr. Kevin Phillips,tkaiser@example.net,2024-03-30
242,Timothy Branch,spencersteven@example.com,2024-10-28
243,Taylor Green,hernandezscott@example.com,2024-07-04
244,Donald Perez,gwendolyngibson@example.net,2023-09-09
245,Zachary Andrews,ewingholly@example.net,2024-12-18
246,David Anderson,robertspeter@example.net,2023-04-21
247,Ryan Stafford,williamwhite@example.com,2024-03-07
248,Carmen Garcia,ericksonalbert@example.net,2025-01-02
249,Jeremy Gaines,ewong@example.org,2022-11-08
250,David Ponce,msummers@example.com,2024-05-17
251,Denise Cordova,gouldelizabeth@example.org,2024-08-27
252,Jeffrey Price,nancy63@example.com,2022-09-25
253,Donald Nguyen,dlewis@example.org,2024-02-23
254,Melissa Rowe,brandon18@example.net,2024-06-21
255,Brian Martin,fcastillo@example.com,2023-12-18
256,John Conley,martinezjeffrey@example.com,2024-02-24
257,Anthony Kramer,timothy25@example.net,2024-06-29
258,James Lawrence,nlandry@example.com,2025-02-10
259,Susan Jennings,kristenjohnson@example.net,2024-04-14
260,Brian Preston,williamli@example.org,2022-11-28
261,Jason Hawkins,jsparks@example.org,2023-02-18
262,Matthew Keller,wlewis@example.net,2024-08-30
263,Thomas Long,wrightchristine@example.net,2023-08-21
264,Alexander Hunter,woodtiffany@example.org,2022-09-23
265,Belinda Hernandez,rhayes@example.com,2024-01-11
266,Kirk Kennedy,christopher37@example.com,2024-04-12
267,Kelsey Scott,alfred99@example.org,2023-04-13
268,Taylor Randall,castrochris@example.com,2024-07-30
269,Alejandro Scott,oholmes@example.net,2025-02-03
270,Emily Lewis,yavery@example.com,2022-08-24
271,Michael Mcconnell,starkstephanie@example.org,2023-03-13
272,Joseph Maxwell,nwhite@example.com,2023-12-15
273,Tiffany Smith,amy79@example.net,2024-10-11
274,Tina Blankenship,melissa45@example.com,2022-03-20
275,Grant Brown,reyesshawn@example.net,2023-07-16
276,Rebekah Johnson,jessica24@example.net,2022-04-21
277,Kathryn Ellison,sandra25@example.net,2022-11-13
278,Amy Pope,christopherschneider@example.org,2025-02-04
279,Kevin Brooks,jose73@example.org,2023-06-08
280,Grace Olson,billalvarez@example.com,2023-07-25
281,Whitney Cooper,tammydaniel@example.net,2025-01-31
282,Daniel Patel,tiffany61@example.net,2024-11-17
283,Allison Mcintosh,ryanthomas@example.org,2022-11-03
284,Leslie Leach,gjohns@example.org,2023-07-03
285,Shelby Bell,matthewsanchez@example.org,2024-01-18
286,Melissa James,joseadams@example.org,2022-05-17
287,Kelly Murray,michaelaparker@example.org,2024-03-28
288,Brian Garza,samantha80@example.net,2024-11-14
289,John Aguilar,russellmia@example.org,2023-09-03
290,Corey Hill,annettephillips@example.net,2022-03-04
291,Matthew Williams,blewis@example.com,2023-10-11
292,Randall Payne MD,boydcarol@example.net,2024-11-28
293,Cassidy Taylor,tlittle@example.org,2023-01-22
294,Gerald Rodriguez Jr.,pharris@example.org,2023-06-07
295,Alexander Bennett,stephenenglish@example.net,2022-07-23
296,Thomas Pena,marcus02@example.net,2023-11-27
297,Susan Ryan,joshua40@example.com,2022-10-18
298,William Mata,penamonique@example.org,2023-05-27
299,Michael Burke,brownnicole@example.org,2022-12-24
300,Jonathan Jimenez,cmartin@example.com,2023-01-26
301,Stephanie Brown,ajones@example.net,2023-01-02
302,Alison Aguirre,ihuang@example.net,2022-11-20
303,Sandra Dean,marksnicholas@example.org,2023-04-13
304,Dale George,hobbslynn@example.com,2024-10-02
305,Rick Hunter,lauriemurray@example.com,2024-02-23
306,Thomas Jarvis,aliciawade@example.net,2022-11-29
307,Tamara Smith,colenicole@example.org,2023-08-28
308,Rebecca Hobbs,michelletaylor@example.com,2025-01-09
309,Denise Bradford,kylie76@example.com,2022-06-17
310,Kevin Garcia,melinda41@example.org,2024-06-17
311,Ashley Robinson,williamskyle@example.org,2025-01-27
312,Robert Gordon,andrea30@example.net,2022-06-17
313,Matthew Schmidt,jenniferandrews@example.net,2024-05-02
314,Gregory Oneill,jason81@example.com,2022-05-12
315,James Spencer Jr.,brianweber@example.org,2022-07-29
316,Katie Valentine,kellyhayes@example.com,2023-12-24
317,John Murphy,wfox@example.org,2022-03-24
318,Kristen Brown,ashleywalker@example.com,2023-08-26
319,John Fischer,tylerray@example.net,2023-04-23
320,Mrs. Annette Nelson,vthompson@example.net,2023-06-12
321,Mary Harris,aguirresuzanne@example.net,2022-07-21
322,Rebecca Henry,donna27@example.com,2023-03-11
323,Tracy Cameron,vroberts@example.com,2023-05-04
324,Alexander Green,alexander13@example.net,2023-05-11
325,Vanessa Robbins,smithchristine@example.org,2024-03-27
326,Olivia Mack,williamdelgado@example.org,2022-11-13
327,Patricia King,wcook@example.org,2023-08-08
328,Desiree Shelton,randerson@example.com,2022-12-04
329,Robert Brown,deborah37@example.net,2024-09-13
330,Sarah Powell,lisahall@example.net,2024-08-03
331,Lisa Baxter,ckelley@example.com,2022-07-20
332,Kristin Gray,iflores@example.net,2023-04-02
333,John Miller,kimberlypena@example.net,2025-01-27
334,Calvin Clark,robertlindsey@example.com,2024-01-06
335,Jessica Allen,katelyngarrett@example.net,2024-03-11
336,Sylvia Cox,csnyder@example.net,2024-01-14
337,Richard Mccullough,meyersbriana@example.com,2023-08-19
338,Theresa Garcia,morganlisa@example.org,2022-09-25
339,Bradley Hubbard,kennethnguyen@example.net,2025-01-24
340,Chad Key,brownlisa@example.org,2024-07-20
341,Robert Wilson,rho@example.net,2022-05-19
342,Kristina Rojas,rhonda53@example.net,2025-01-10
343,Nicole Patrick,hmartin@example.org,2022-04-09
344,Robert Wright,knichols@example.net,2024-11-23
345,Emily Alexander PhD,ashley17@example.net,2022-09-09
346,Joseph Day,jamiegould@example.com,2022-09-22
347,Jonathan Gardner,gillanthony@example.net,2022-12-23
348,Betty Wood,brandishelton@example.net,2022-03-25
349,Linda Gonzalez,llopez@example.net,2024-04-11
350,Benjamin Skinner,margaret85@example.com,2022-03-06
351,Billy Hunt,jeremiah55@example.org,2022-05-15
352,Brandi Taylor,ashley29@example.com,2024-03-22
353,Dominic Allen,elizabethbenitez@example.org,2024-10-01
354,Jeremy Goodman,blakevalerie@example.org,2022-05-25
355,Steven Huynh,martha94@example.com,2023-10-28
356,Patricia Kelly,jerryallen@example.com,2025-01-11
357,April Wallace,eashley@example.com,2023-06-14
358,Bryan Soto,grayfrancisco@example.net,2022-05-08
359,Anthony Sawyer,nelsonchristopher@example.net,2024-04-14
360,Lucas Alvarez,morgan70@example.com,2024-11-14
361,Christopher Green II,kimberlystone@example.com,2023-05-12
362,Craig Jackson,megan24@example.com,2022-03-02
363,Thomas Pierce,krodriguez@example.com,2023-12-17
364,Jonathan Lowe,tgreen@example.com,2023-12-13
365,Anthony Rivera,smithtiffany@example.com,2023-04-24
366,Jessica Barrett,aaron89@example.com,2025-01-23
367,Patricia Rivas,youngamanda@example.org,2023-08-11
368,Katherine Mejia,jennifer60@example.org,2022-09-30
369,Christopher Miller,changkevin@example.net,2024-05-10
370,Robert Smith,angelica99@example.com,2024-10-21
371,Bailey Lopez DDS,melanie54@example.com,2022-04-07
372,Jason Williams,jennifer34@example.net,2024-12-22
373,Donald Sullivan,ytyler@example.com,2022-03-09
374,Rose Irwin,christopher47@example.com,2024-08-08
375,Mary Santiago,douglas86@example.org,2022-09-18
376,David Williams,djohnson@example.org,2022-05-14
377,William Russell,raykelly@example.org,2022-05-23
378,Morgan Cunningham,marygreen@example.net,2024-12-30
379,Alex Wolfe,rebeccajohnson@example.net,2022-06-26
380,Carlos Reilly,scott83@example.net,2022-03-16
381,Vincent Smith,swilliamson@example.org,2022-04-02
382,Michael Miller,belltina@example.com,2022-03-16
383,Lisa Mendoza,nicholasdavis@example.com,2024-02-23
384,Vernon Giles,kacevedo@example.com,2023-10-02
385,Brian Clark,terryjerry@example.net,2022-10-09
386,Andrew Glover,davisnathan@example.org,2022-06-26
387,Jeffrey Wilson,alexandergeorge@example.org,2024-04-29
388,Valerie Goodwin,matthewwilliams@example.com,2022-12-10
389,Justin Rodriguez,priscillapowell@example.com,2023-01-30
390,Gregory Stone,echristensen@example.com,2023-08-22
391,Alyssa Mitchell,tyler89@example.com,2024-06-28
392,Andre Goodman,qtorres@example.org,2022-10-07
393,Lynn Nelson,heatherdaniels@example.org,2024-03-05
394,Nicholas Knight,qchapman@example.com,2024-01-22
395,Patricia Williams,fallen@example.com,2023-03-16
396,Shawn Nolan,elizabethturner@example.org,2022-06-18
397,Mary Cook,shawn21@example.net,2023-05-07
398,James Obrien,rodriguezpatricia@example.net,2022-11-03
399,Christopher Navarro,robyngomez@example.net,2024-08-27
400,Lisa Higgins,melinda44@example.net,2024-05-21
401,Paul Flores,matthewbarry@example.org,2023-02-27
402,Tyler Schwartz,brandy13@example.org,2022-06-21
403,Sean Walters,garciaroy@example.org,2024-06-20
404,Christopher Richardson,daniellehaynes@example.org,2024-09-11
405,Valerie Nelson,mcintyreheather@example.com,2022-07-18
406,Tiffany Harmon,kathryn50@example.net,2024-10-29
407,Charles Boyd,xgray@example.com,2022-05-09
408,Chad Moore,david32@example.net,2022-05-16
409,Jessica Rogers,melissaharmon@example.org,2024-04-16
410,Debra Nguyen MD,tammy45@example.com,2023-04-07
411,Dennis Wyatt,chase80@example.net,2025-02-20
412,Daniel Burns,dmoore@example.org,2022-05-12
413,Brandon Strong,xmontgomery@example.net,2024-12-03
414,James Chavez,laceypatterson@example.org,2023-05-22
415,Kristina White,zsaunders@example.com,2023-05-15
416,Danielle Parker,brentsmith@example.net,2022-12-29
417,Michael Simpson,vgreen@example.org,2022-10-11
418,Tyler Burke,aprilcampbell@example.com,2023-12-31
419,Angel Barnes,lawsonnatalie@example.org,2024-08-17
420,James Taylor,iho@example.net,2022-04-12
421,John Cobb,cortezchristopher@example.net,2023-09-07
422,Joel White,andrewsilva@example.net,2023-04-05
423,Douglas Hall,whughes@example.net,2023-06-11
424,Zachary Holloway,gomezdenise@example.org,2023-12-17
425,Sarah Dunn,cruzrobert@example.com,2022-09-30
426,Mr. Christian Jones,tommyhuffman@example.org,2024-11-02
427,Edward Charles,ygoodwin@example.org,2023-03-15
428,Erin Taylor,jmartin@example.org,2024-02-19
429,Lori Romero,dana37@example.com,2023-06-22
430,Karen Johnson,anthony38@example.com,2022-03-14
431,Kathleen Daniel,steveparks@example.com,2024-06-05
432,John Bailey,brownamanda@example.com,2024-09-29
433,Jamie Owen,vwilliams@example.org,2022-09-08
434,Donald Acosta,rebecca05@example.net,2024-11-02
435,Monica Woods,davisjames@example.net,2022-06-07
436,Jonathan Brown,amber07@example.com,2024-01-16
437,Jon Harris,jill27@example.com,2022-04-08
438,Bailey Villanueva,antonio26@example.net,2024-05-27
439,Valerie Reyes,alisonhines@example.net,2022-12-05
440,Ashley Myers,amber65@example.org,2024-02-02
441,Christine Dyer,hayesnicole@example.net,2024-07-14
442,Erika Hernandez,andersenjulia@example.net,2024-03-11
443,Hunter Owens,brian35@example.net,2023-03-21
444,Victor Jones,michaelphillips@example.com,2023-11-23
445,Eric Hall,hardyjacob@example.org,2023-11-26
446,Travis Valenzuela,evelynconley@example.net,2023-06-09
447,Christopher Macias,robert62@example.com,2024-09-11
448,Sandra Smith,lsaunders@example.org,2023-08-13
449,William Hall,lindadavis@example.com,2024-05-10
450,Erica Khan,achambers@example.net,2022-03-10
451,Michele Moreno,roger93@example.net,2023-05-12
452,Emily Brown,aflowers@example.org,2024-09-25
453,Jennifer Knight,bryan62@example.com,2023-10-07
454,Olivia Rubio,damonhaney@example.org,2024-02-01
455,Jennifer Flores,kimberly04@example.com,2023-03-03
456,Kathleen Phillips,wallaceelizabeth@example.com,2022-09-18
457,Crystal Bennett,valerieallen@example.com,2024-04-28
458,Robert Hale,russell74@example.net,2024-12-26
459,Michael Taylor,xmiller@example.com,2022-10-31
460,Angelica Lam,gbutler@example.net,2024-11-09
461,William Harding,fbentley@example.org,2025-02-08
462,Tammy Duran,benitezangela@example.net,2024-02-16
463,Julia Oliver,armstrongedward@example.org,2022-10-19
464,Johnny Fitzpatrick,bowersjason@example.org,2022-11-05
465,Deborah Stewart,walkerrodney@example.net,2022-12-16
466,Jon Dudley,ymorris@example.net,2024-11-26
467,Charles Burgess,garrettrobinson@example.com,2024-03-26
468,Thomas Lewis,angelahernandez@example.org,2024-07-30
469,Holly Meyer,margaret98@example.org,2023-03-13
470,Mrs. Jessica Jimenez,madison74@example.net,2023-09-15
471,Leslie Haas,lisaewing@example.com,2023-10-07
472,Cynthia Cruz,sgray@example.net,2022-12-30
473,Krista Montgomery,ibarrajean@example.com,2023-12-21
474,Mary Dawson,pjones@example.com,2024-06-07
475,Mrs. Sandra Sanders,patrickball@example.org,2025-02-22
476,Maria Spencer,boonemicheal@example.org,2023-01-19
477,Mr. Charles Garza,bbenson@example.net,2022-12-24
478,Savannah Hendricks,maria15@example.net,2023-09-18
479,Eric Nunez,rayala@example.org,2025-02-14
480,Amanda Christian,leebrenda@example.net,2024-07-10
481,Michael Bullock,kennethlogan@example.org,2022-12-28
482,Heather Perez,jonespatrick@example.com,2025-01-29
483,Andrea Bullock,sancheztiffany@example.org,2022-08-19
484,Daniel Ray,laurenreynolds@example.org,2023-04-29
485,Mr. James Gordon,byrdrandy@example.org,2022-09-27
486,John Miranda,cshaffer@example.org,2024-04-30
487,Shirley Peterson,nathan44@example.com,2023-05-28
488,Tracy Wagner,finleyanthony@example.com,2023-06-06
489,Karen Roberts,thardy@example.net,2023-11-20
490,Melanie Cox,whitechristopher@example.org,2025-02-08
491,Marcus Crosby,joseph96@example.net,2023-09-27
492,Rachel Flowers,kelly96@example.net,2024-04-26
493,Nicole Watkins,gibbsmichael@example.net,2024-02-29
494,Mary Rhodes,danielwatson@example.org,2022-06-22
495,Spencer Smith,webbmelanie@example.com,2023-11-28
496,Deborah Franklin MD,douglascarr@example.net,2025-02-22
497,Barbara Carpenter,jaredorr@example.net,2022-09-24
498,Dana Hardy,nturner@example.net,2025-01-15
499,Victoria Lewis,arroyoangela@example.org,2024-02-12
500,Valerie Stein,theresawhitehead@example.net,2024-08-02
