order_id,customer_id,product Id,order date,amount,QUANTITY,discount,profit,total_revenue
f00a12f4,28,52,2023-07-01,277.76,3,31.77,55.55,801.51
4d716c2b,65,42,2023-11-06,441.3,9,42.52,88.26,3929.1800000000003
fc07c92e,274,8,2023-03-10,415.34,5,13.76,83.07,2062.9399999999996
d8e31612,491,97,2024-01-07,176.79,7,31.91,35.36,1205.62
5ca54e42,30,40,2023-09-16,160.85,3,45.19,32.17,437.35999999999996
375c9fd4,283,12,2024-04-14,259.86,4,3.9,51.97,1035.54
62a48499,209,18,2024-08-21,401.71,3,38.37,80.34,1166.76
4dc4d057,402,71,2023-11-29,63.55,5,36.51,12.71,281.24
6820c30c,270,88,2023-08-08,283.87,2,45.44,56.77,522.3
9d40024c,301,19,2023-03-18,262.97,4,26.35,52.59,1025.5300000000002
a5b8f242,50,91,2024-05-31,494.99,5,48.19,99.0,2426.7599999999998
d73f7b0e,256,32,2023-12-11,69.57,5,39.57,13.91,308.28
49e3ec1c,344,100,2023-10-23,383.89,4,35.78,76.78,1499.78
d1561400,280,35,2024-06-29,234.99,7,31.92,47.0,1613.01
8e3a9533,287,41,2024-05-23,268.84,9,17.31,53.77,2402.25
c6467594,483,71,2023-07-13,184.7,7,29.79,36.94,1263.11
c36eb992,386,94,2024-11-06,344.45,1,20.68,68.89,323.77
5597b167,173,49,2024-06-24,309.75,10,33.26,61.95,3064.24
a4a6655a,104,32,2025-02-16,288.21,9,40.53,57.64,2553.3599999999997
f599508d,130,57,2023-08-26,230.7,5,11.99,46.14,1141.51
579cd15a,277,40,2024-01-31,433.46,5,8.2,86.69,2159.1
e5fab8de,414,19,2023-03-03,415.08,9,14.52,83.02,3721.2
e4fd4784,280,25,2023-07-23,282.38,9,4.88,56.48,2536.54
660115cf,228,1,2023-03-25,111.31,1,23.1,22.26,88.21000000000001
1e0f43e9,271,74,2023-09-26,311.47,4,6.08,62.29,1239.8000000000002
2bc574d0,426,86,2024-08-22,33.96,2,22.52,6.79,45.400000000000006
63f6501b,347,80,2024-07-08,62.31,5,3.0,12.46,308.55
b25df0fd,88,69,2023-10-11,188.79,3,23.87,37.76,542.5
8cf5d62a,231,16,2023-12-21,461.08,9,17.55,92.22,4132.17
bc33e1bc,430,19,2024-05-09,389.44,1,11.47,77.89,377.96999999999997
b5949a4f,369,15,2023-09-20,283.76,4,16.36,56.75,1118.68
861a5e37,219,97,2024-06-08,367.89,10,17.32,73.58,3661.5799999999995
9b16091d,323,91,2023-05-03,458.58,2,24.83,91.72,892.3299999999999
b4880ea1,154,99,2025-02-03,358.42,8,32.77,71.68,2834.59
245f8608,452,71,2023-12-25,82.36,10,29.79,16.47,793.8100000000001
a8d9a2b1,263,90,2023-08-21,479.72,6,37.97,95.94,2840.3500000000004
aaee1887,136,45,2023-09-28,473.24,5,13.15,94.65,2353.0499999999997
721a644e,485,41,2023-11-11,134.95,4,30.44,26.99,509.35999999999996
7a73ff25,117,1,2023-07-13,251.4,6,46.08,50.28,1462.3200000000002
4df03006,101,17,2023-08-04,275.38,6,11.07,55.08,1641.21
d1125bf4,452,14,2024-06-16,49.03,6,34.01,9.81,260.17
d377729f,373,95,2023-09-25,309.74,7,35.58,61.95,2132.6000000000004
028ac356,26,51,2024-07-08,168.88,7,27.07,33.78,1155.09
1b724973,69,38,2023-07-01,65.0,9,35.99,13.0,549.01
23eff4cf,335,67,2023-03-31,192.35,2,22.9,38.47,361.8
37acedbf,68,96,2023-10-07,111.61,1,43.85,22.32,67.75999999999999
c96ec1c9,381,41,2023-10-07,120.47,8,27.46,24.09,936.3
96060cc3,409,55,2024-03-14,351.62,3,27.69,70.32,1027.17
e9e1255c,85,3,2023-05-26,103.91,6,6.94,20.78,616.52
969d5aef,111,24,2023-09-16,112.04,5,15.15,22.41,545.0500000000001
ca694e28,79,35,2023-12-17,458.98,1,30.13,91.8,428.85
7b8fefc9,295,58,2023-09-07,161.79,10,40.14,32.36,1577.7599999999998
366ba487,479,14,2024-09-13,333.9,8,19.73,66.78,2651.47
3824c7f8,392,20,2025-02-08,392.6,7,33.72,78.52,2714.4800000000005
92c608ed,491,32,2024-08-27,136.69,8,22.01,27.34,1071.51
a648188e,239,66,2023-06-26,395.6,7,9.14,79.12,2760.0600000000004
f064141e,129,29,2024-02-20,314.94,3,17.39,62.99,927.43
04de3734,45,13,2025-02-02,21.37,7,18.32,4.27,131.27
fff0de08,460,7,2023-11-29,489.81,10,10.55,97.96,4887.55
3c679a17,471,17,2023-06-04,266.36,10,32.32,53.27,2631.28
00e5e789,227,99,2024-10-17,59.19,9,16.22,11.84,516.49
b90caada,293,47,2023-09-26,174.6,6,13.48,34.92,1034.12
ff3dd7a0,54,24,2023-05-13,72.46,7,35.13,14.49,472.09
386eed38,187,71,2024-06-15,204.31,9,37.11,40.86,1801.68
63ccf9de,99,65,2024-07-01,236.37,2,17.83,47.27,454.91
3dd89453,36,30,2023-05-19,12.24,10,11.51,2.45,110.89
097cffe7,383,72,2024-01-17,209.72,1,0.44,41.94,209.28
5b37d5c1,304,36,2024-09-09,347.29,8,18.24,69.46,2760.0800000000004
f4440f49,192,16,2023-08-31,407.29,1,16.44,81.46,390.85
69ed7b60,100,23,2024-10-04,43.88,9,42.95,8.78,351.97
de8e6d76,462,46,2024-02-29,199.7,3,41.28,39.94,557.8199999999999
c1f3c6eb,405,21,2024-10-21,142.21,3,10.75,28.44,415.88
a6e17bdb,439,20,2024-03-11,162.59,5,3.03,32.52,809.9200000000001
cef0d250,160,46,2025-01-26,462.12,5,36.88,92.42,2273.72
fed332fd,77,68,2023-05-28,369.01,2,18.64,73.8,719.38
ead93723,199,44,2023-11-29,284.39,6,38.97,56.88,1667.37
bc28f839,466,93,2023-03-25,201.18,7,21.69,40.24,1386.57
6f1afa69,98,95,2024-09-29,441.53,7,3.36,88.31,3087.35
1767e4e7,165,98,2023-04-21,68.66,5,12.35,13.73,330.94999999999993
079a3c4e,35,2,2024-01-29,48.33,9,49.07,9.67,385.9
cb12f9f4,61,30,2024-07-17,71.77,6,43.82,14.35,386.8
3dd36463,215,30,2023-06-03,173.16,9,7.13,34.63,1551.31
cb34e2d9,468,1,2023-05-14,477.18,7,8.09,95.44,3332.17
2cb09cb1,275,11,2023-10-09,123.73,4,35.77,24.75,459.15000000000003
5b1bb000,285,32,2023-05-15,130.86,3,6.63,26.17,385.95000000000005
6e8083e1,65,47,2024-08-13,438.06,5,43.72,87.61,2146.5800000000004
be77f05d,38,48,2024-07-04,32.06,4,19.2,6.41,109.04
f8245389,40,69,2025-01-09,181.08,10,22.98,36.22,1787.8200000000002
f5fb8255,500,53,2024-06-03,458.45,7,9.41,91.69,3199.7400000000002
dd23afa9,468,77,2023-09-14,133.57,5,44.77,26.71,623.0799999999999
9cd4b61e,184,51,2024-03-02,105.74,4,11.76,21.15,411.2
5173650e,357,52,2024-04-10,463.47,6,10.2,92.69,2770.6200000000003
8ba8b342,325,28,2023-04-02,49.83,8,10.6,9.97,388.03999999999996
f51f5103,166,56,2024-11-17,318.38,5,26.45,63.68,1565.45
54292f55,45,17,2024-10-12,173.56,2,40.47,34.71,306.65
e4850eb8,24,93,2023-08-14,37.09,1,11.78,7.42,25.310000000000002
59b17a6a,119,13,2024-10-13,99.06,8,42.23,19.81,750.25
fa4e6187,353,72,2024-11-01,247.14,1,6.09,49.43,241.04999999999998
15f535b5,393,84,2025-02-11,112.53,10,36.37,22.51,1088.93
b0a57794,247,62,2025-01-08,225.39,10,11.41,45.08,2242.49
001db208,450,49,2023-12-14,114.14,1,26.3,22.83,87.84
cf8f0b00,147,33,2024-05-18,24.69,1,20.39,4.94,4.300000000000001
3eb18467,224,60,2023-10-05,220.17,8,2.39,44.03,1758.9699999999998
5e9caa08,64,63,2024-09-03,450.52,3,6.92,90.1,1344.6399999999999
bba7e1f2,125,98,2024-01-22,279.9,9,47.66,55.98,2471.44
5941027e,353,12,2024-12-29,337.55,5,16.43,67.51,1671.32
5c7fffb4,417,71,2024-10-17,173.61,2,17.93,34.72,329.29
add23adf,443,66,2024-02-29,229.95,3,28.49,45.99,661.3599999999999
709c679a,268,50,2024-07-02,192.25,7,10.17,38.45,1335.58
d46f4098,106,94,2024-05-02,85.5,7,21.92,17.1,576.58
d8a65b07,477,75,2023-04-30,195.64,6,48.41,39.13,1125.4299999999998
208585d3,202,52,2024-12-03,122.83,10,48.04,24.57,1180.26
2f492d31,400,2,2024-05-16,36.96,5,10.47,7.39,174.33
b2cb0dbe,396,66,2024-07-25,106.56,5,41.02,21.31,491.78
f1069e1f,317,77,2023-09-28,465.9,1,16.42,93.18,449.47999999999996
33f1e63a,485,86,2023-12-13,227.21,2,0.81,45.44,453.61
b06960d5,305,82,2024-01-07,107.67,8,4.49,21.53,856.87
8e76b801,85,37,2024-09-10,296.46,8,36.07,59.29,2335.6099999999997
66f75325,230,71,2025-01-04,475.26,7,42.06,95.05,3284.7599999999998
e42f9877,227,93,2024-11-08,11.97,4,36.02,2.39,11.86
b2069f10,120,83,2023-05-07,151.79,2,32.07,30.36,271.51
539b5b00,237,57,2024-07-05,468.1,6,9.09,93.62,2799.51
b66e27fd,463,39,2023-06-04,484.47,7,40.79,96.89,3350.5
14eee834,314,42,2024-04-18,173.5,8,28.09,34.7,1359.91
83b95b7b,308,58,2024-05-20,473.23,2,11.9,94.65,934.5600000000001
39a7716e,434,88,2024-05-21,20.19,7,18.76,4.04,122.57000000000001
8dd1be7e,472,59,2024-11-24,424.01,2,7.3,84.8,840.72
99d22b88,442,44,2024-04-14,100.81,6,18.17,20.16,586.69
9258d190,56,91,2024-11-18,476.81,1,35.09,95.36,441.72
8b3f6c68,283,45,2023-07-31,120.08,2,10.37,24.02,229.79
ed64fe8e,30,90,2024-06-06,316.6,5,30.37,63.32,1552.63
a7d8ead7,181,7,2023-06-14,204.71,8,6.6,40.94,1631.0800000000002
6ec3e7c6,44,8,2024-01-30,161.19,5,34.27,32.24,771.6800000000001
99e4d3fe,307,93,2023-04-29,334.98,5,8.88,67.0,1666.02
634d11ca,137,21,2025-01-12,75.99,2,40.27,15.2,111.70999999999998
6c939883,189,72,2024-12-25,465.4,6,0.71,93.08,2791.6899999999996
4f201472,70,81,2023-12-19,429.36,7,5.56,85.87,2999.96
f643d05f,138,29,2024-09-16,131.54,1,39.72,26.31,91.82
875fe0da,47,80,2024-02-23,43.83,1,35.04,8.77,8.79
e77ffbed,359,69,2023-04-13,305.98,6,34.11,61.2,1801.7700000000002
a745e497,251,37,2024-05-22,375.36,8,9.85,75.07,2993.03
324ab32d,416,40,2024-07-05,359.55,6,19.84,71.91,2137.46
6b16180d,388,18,2023-12-30,378.13,9,46.93,75.63,3356.2400000000002
58bb8989,278,33,2025-01-19,315.03,9,21.4,63.01,2813.8699999999994
d6d7e512,326,49,2023-03-20,113.5,8,41.84,22.7,866.16
93f5cc66,167,86,2023-10-17,72.82,6,6.67,14.56,430.24999999999994
b08ef607,268,59,2023-10-26,116.56,7,48.17,23.31,767.7500000000001
b39ebb16,300,15,2025-01-17,477.11,2,28.82,95.42,925.4
3d97cf12,153,19,2023-03-10,186.56,2,16.38,37.31,356.74
0a58756d,96,89,2024-05-21,67.77,9,24.3,13.55,585.63
3e2eb6cc,157,96,2025-02-22,450.82,9,46.04,90.16,4011.34
5ce5b32d,267,87,2024-09-27,446.41,3,38.29,89.28,1300.94
e3ffcbae,454,23,2023-10-10,429.36,4,16.51,85.87,1700.93
80c835fe,269,17,2023-09-02,445.02,2,48.99,89.0,841.05
9a23f0a2,73,45,2023-07-31,51.95,9,0.23,10.39,467.32
afa263b4,447,68,2025-01-24,476.96,9,7.63,95.39,4285.009999999999
1f2496c8,165,68,2024-01-24,235.33,2,19.97,47.07,450.69000000000005
424a36bc,66,79,2024-10-08,389.3,5,39.94,77.86,1906.56
7280f443,424,55,2023-09-22,321.43,8,43.66,64.29,2527.78
406dc6d8,169,59,2024-06-30,311.68,7,6.54,62.34,2175.2200000000003
2812d8da,499,12,2023-05-01,220.9,7,2.28,44.18,1544.02
3d692765,480,20,2024-11-08,280.43,10,12.51,56.09,2791.79
980f7ddd,482,93,2023-06-20,476.03,7,44.92,95.21,3287.29
2190a035,187,54,2024-03-28,159.74,4,19.65,31.95,619.3100000000001
cb023798,91,19,2024-05-03,365.3,1,4.21,73.06,361.09000000000003
c8c43525,322,31,2023-12-08,71.42,7,31.47,14.28,468.47
57797f62,457,73,2024-01-05,122.57,4,30.71,24.51,459.57
69d82e35,404,31,2023-08-08,312.54,5,29.93,62.51,1532.77
932f4ca4,267,15,2024-08-18,370.59,9,5.71,74.12,3329.6
26d3c475,124,25,2023-06-12,341.8,8,28.29,68.36,2706.11
9069426c,401,63,2024-07-31,112.65,2,32.88,22.53,192.42000000000002
1ba7fa9b,372,31,2023-09-24,477.78,5,43.46,95.56,2345.4399999999996
fbba9ff7,55,64,2025-01-05,124.13,7,31.24,24.83,837.67
7f0a2ac8,99,19,2023-08-10,494.78,10,24.51,98.96,4923.289999999999
b3d94172,466,61,2025-01-24,96.81,5,10.38,19.36,473.67
b2286eb2,32,25,2023-07-21,347.14,1,22.24,69.43,324.9
ecab6951,302,1,2024-12-11,45.35,5,30.54,9.07,196.21
b91f313a,64,99,2023-12-19,417.92,10,49.25,83.58,4129.95
6be576f5,289,26,2024-03-15,494.92,3,17.02,98.98,1467.74
24b1fade,91,32,2023-07-17,192.01,9,23.88,38.4,1704.2099999999998
7ed6a8c3,450,21,2024-03-20,235.97,5,29.16,47.19,1150.6899999999998
a0692592,114,39,2025-01-01,358.5,10,9.03,71.7,3575.97
4c043e7b,187,40,2024-10-04,155.14,8,19.65,31.03,1221.4699999999998
ea58a02b,105,46,2025-01-04,190.88,3,7.97,38.18,564.67
b5de1483,200,98,2024-01-10,278.33,2,2.9,55.67,553.76
68e16571,239,75,2023-03-30,491.42,10,46.26,98.28,4867.94
f1a37978,404,35,2024-03-13,198.59,7,38.85,39.72,1351.2800000000002
4501b22f,131,79,2023-09-10,318.1,10,45.89,63.62,3135.11
a131c137,323,48,2024-02-23,331.56,1,48.95,66.31,282.61
1359c8b8,321,9,2024-08-24,184.83,4,14.95,36.97,724.37
c43fec3e,57,92,2023-08-10,380.99,5,32.5,76.2,1872.45
bfd2417a,188,68,2024-10-02,97.17,7,38.98,19.43,641.21
a18505f2,458,57,2023-09-09,281.13,6,6.34,56.23,1680.44
71358fcb,354,51,2024-05-11,17.97,7,32.34,3.59,93.44999999999999
ab12e4a9,194,21,2024-02-03,189.08,6,21.94,37.82,1112.54
1e8f5505,275,6,2024-09-26,37.3,10,11.11,7.46,361.89
62a41d3b,419,98,2023-09-13,149.59,2,7.25,29.92,291.93
0966780f,28,49,2024-06-23,207.08,5,5.47,41.42,1029.93
af74ac16,44,14,2023-06-10,324.07,6,0.03,64.81,1944.39
6d145514,72,34,2023-03-24,486.87,4,40.39,97.37,1907.09
b1145c3b,256,38,2025-02-05,329.81,2,5.2,65.96,654.42
2201349a,330,86,2023-07-12,163.56,4,24.91,32.71,629.33
8e0ce701,473,89,2023-06-29,342.32,9,17.81,68.46,3063.07
93272993,2,86,2024-04-03,94.06,5,35.04,18.81,435.26
e7179c4c,68,27,2023-06-04,157.16,6,0.35,31.43,942.61
7572a689,461,28,2024-12-10,52.02,8,33.12,10.4,383.04
d0c071b6,466,80,2024-10-23,109.7,8,19.71,21.94,857.89
79fa341e,91,9,2023-11-27,493.53,9,37.59,98.71,4404.179999999999
964ffb07,189,60,2023-07-30,173.83,3,21.73,34.77,499.76
ac6847a2,380,15,2024-09-15,262.49,7,7.83,52.5,1829.6000000000001
536a1879,264,69,2024-06-13,387.26,9,21.0,77.45,3464.34
9c1f25d4,196,18,2023-12-24,446.29,8,22.57,89.26,3547.75
3a17d678,90,77,2024-10-26,377.9,4,37.7,75.58,1473.8999999999999
1c9a71a4,130,11,2024-10-23,71.87,2,7.72,14.37,136.02
e55d4ca0,433,94,2024-12-05,311.02,5,3.89,62.2,1551.2099999999998
712d2cec,212,2,2023-08-08,317.87,6,26.04,63.57,1881.18
4d34256b,278,32,2023-10-28,314.97,7,49.75,62.99,2155.04
62a7761a,460,47,2023-11-20,407.46,3,46.7,81.49,1175.6799999999998
cabcf802,137,31,2024-11-30,469.75,5,1.54,93.95,2347.21
fda33a9b,155,35,2023-05-18,194.68,9,24.38,38.94,1727.74
75b8de2b,369,13,2023-11-17,31.48,4,9.0,6.3,116.92
8f1b5cf5,247,55,2024-09-30,132.99,5,31.7,26.6,633.25
f5f5e177,249,95,2024-03-31,218.89,8,34.49,43.78,1716.6299999999999
a3179947,484,14,2024-12-20,479.37,10,21.5,95.87,4772.2
78bb3679,490,57,2023-10-04,235.85,3,3.91,47.17,703.64
e765ceee,343,47,2024-12-20,176.66,4,48.98,35.33,657.66
e20a0933,419,58,2025-02-08,205.5,5,41.02,41.1,986.48
98478506,350,50,2024-09-19,152.57,2,12.63,30.51,292.51
0dd86f87,496,56,2024-10-14,231.86,2,46.05,46.37,417.67
782d4a98,156,55,2025-01-10,101.22,5,40.22,20.24,465.88
7dd3c8c9,200,77,2023-12-18,299.79,7,26.66,59.96,2071.8700000000003
9e8f3769,69,62,2023-05-02,271.5,1,43.98,54.3,227.52
982755d3,92,47,2024-01-13,46.74,10,7.42,9.35,459.98
b75f2dd9,419,87,2023-03-25,291.75,8,21.06,58.35,2312.94
f80d714e,484,29,2024-10-06,478.62,5,23.67,95.72,2369.43
2402e26a,295,1,2024-11-29,439.51,6,31.22,87.9,2605.84
14295546,137,36,2025-01-11,187.73,3,16.55,37.55,546.64
3b3c222d,488,51,2023-10-27,281.14,10,14.08,56.23,2797.3199999999997
741be0f8,438,90,2025-02-21,465.98,10,31.87,93.2,4627.93
ca2c1158,388,62,2025-02-11,397.59,7,27.03,79.52,2756.0999999999995
cc1b2345,425,70,2023-09-24,46.25,10,43.13,9.25,419.37
c785d2c8,495,86,2024-03-11,104.48,4,6.04,20.9,411.88
422657c1,129,9,2023-10-15,465.18,7,15.33,93.04,3240.9300000000003
fb9082da,129,80,2023-09-10,102.2,1,48.75,20.44,53.45
09d1c6fa,214,95,2024-04-14,36.15,9,22.52,7.23,302.83
a7c68ed0,113,13,2024-01-05,108.82,2,31.85,21.76,185.79
87a6097b,82,10,2025-02-08,465.13,3,31.0,93.03,1364.3899999999999
af3fd785,361,81,2024-04-23,302.06,5,21.69,60.41,1488.61
f42d2482,495,32,2023-11-13,319.55,4,34.75,63.91,1243.45
7dbeb020,130,47,2024-02-29,46.32,10,48.58,9.26,414.62
984be6f3,199,79,2023-08-31,470.12,3,7.92,94.02,1402.44
98ccaca6,66,38,2023-03-09,41.92,2,0.52,8.38,83.32000000000001
5e0dbf17,299,31,2023-09-27,239.09,9,9.09,47.82,2142.72
1929db1b,74,41,2023-04-04,21.27,7,11.03,4.25,137.85999999999999
d21c1965,221,98,2023-11-13,465.71,5,22.19,93.14,2306.3599999999997
48d54068,90,59,2023-11-04,26.9,4,36.8,5.38,70.8
875f974d,360,70,2024-06-08,197.43,9,35.25,39.49,1741.6200000000001
7c76043c,17,12,2024-03-10,129.66,2,32.39,25.93,226.93
a82bbdd2,228,74,2023-09-29,454.53,5,35.18,90.91,2237.47
158c79b4,277,33,2024-12-26,136.94,5,9.98,27.39,674.72
f1e31c7e,383,4,2023-11-16,27.31,10,22.73,5.46,250.36999999999998
84f34ba1,429,39,2024-01-13,194.15,5,46.11,38.83,924.64
121b006c,255,58,2023-04-09,189.9,4,28.14,37.98,731.46
76a8d77b,345,63,2024-11-13,236.6,7,33.78,47.32,1622.42
19f173a2,265,18,2023-04-07,478.99,2,2.77,95.8,955.21
9eb29a70,89,75,2023-07-22,122.91,9,35.19,24.58,1071.0
0a32b70f,265,12,2023-11-21,191.93,9,38.68,38.39,1688.69
e17f3cd0,172,58,2024-08-15,478.24,9,38.03,95.65,4266.13
43e3e4a9,440,29,2024-02-29,208.81,7,20.74,41.76,1440.93
2ca991a8,353,9,2024-06-05,80.55,2,2.48,16.11,158.62
6f2860a8,223,59,2024-02-04,74.27,9,14.13,14.85,654.3
0696193a,69,70,2024-10-30,350.47,9,3.87,70.09,3150.3600000000006
daa1d972,234,59,2023-05-30,394.93,5,29.86,78.99,1944.7900000000002
a0034e07,237,13,2023-03-17,471.31,8,29.68,94.26,3740.8
471519ca,31,45,2025-02-23,204.88,3,45.51,40.98,569.13
12796d23,77,96,2024-09-20,70.63,7,10.57,14.13,483.84
ac5a70da,370,44,2023-07-10,451.94,3,43.1,90.39,1312.72
a4352b8c,222,26,2024-09-27,180.4,1,13.39,36.08,167.01
ff37915b,490,59,2024-06-05,416.66,3,10.04,83.33,1239.94
a2007e11,404,27,2023-09-03,20.48,5,3.97,4.1,98.43
7bfaa34c,423,50,2024-06-08,453.9,3,44.14,90.78,1317.5599999999997
2888dd71,298,9,2025-02-01,343.01,9,16.91,68.6,3070.1800000000003
72e4bb4a,277,91,2024-10-26,133.65,7,9.56,26.73,925.9900000000001
84b53401,188,66,2024-12-27,460.11,7,40.59,92.02,3180.18
6dac3362,267,25,2024-07-05,280.36,8,25.99,56.07,2216.8900000000003
f540eabd,432,14,2025-01-09,320.57,6,3.45,64.11,1919.97
6db99a91,181,22,2023-04-19,255.24,3,42.48,51.05,723.24
e7242a20,278,87,2024-05-12,164.53,1,48.07,32.91,116.46000000000001
b634b89b,116,13,2024-11-08,138.61,3,27.3,27.72,388.53000000000003
7a8f6b10,271,26,2023-08-25,495.08,6,4.58,99.02,2965.9
913d4332,309,8,2024-11-27,243.82,2,34.39,48.76,453.25
7dc0a254,102,9,2024-09-15,373.2,3,0.95,74.64,1118.6499999999999
6394c7eb,17,84,2024-12-18,306.57,4,49.8,61.31,1176.48
8cde8bb1,176,70,2024-03-07,366.92,8,18.38,73.38,2916.98
8f365a79,468,18,2024-01-11,117.9,2,29.84,23.58,205.96
f8f7bd08,460,3,2024-12-14,298.83,5,15.54,59.77,1478.61
d8ba0f00,401,24,2023-08-24,260.02,7,19.82,52.0,1800.32
ab87d983,403,2,2024-08-19,435.71,2,27.64,87.14,843.78
0ae72dd0,220,74,2025-01-23,195.04,1,16.84,39.01,178.2
08c45542,102,38,2023-12-26,281.8,4,26.91,56.36,1100.29
28a83bab,198,29,2023-04-24,407.83,9,12.82,81.57,3657.6499999999996
f0b69c32,162,74,2024-09-27,363.99,3,19.08,72.8,1072.89
369bba9e,90,34,2024-02-28,25.04,7,19.69,5.01,155.59
d1570422,23,40,2023-10-12,477.18,9,32.27,95.44,4262.349999999999
d57179ae,328,2,2024-12-03,382.36,5,8.51,76.47,1903.2900000000002
adeb5782,324,76,2024-11-11,226.85,2,40.19,45.37,413.51
bfa45680,127,51,2023-09-21,165.29,9,39.84,33.06,1447.77
0d0e4f22,157,86,2023-05-21,475.0,3,20.03,95.0,1404.97
4a704061,299,33,2023-06-05,185.44,8,45.46,37.09,1438.06
9d777ec3,118,81,2024-09-14,141.9,4,35.27,28.38,532.33
c8efe4ca,277,22,2023-08-26,416.03,4,22.61,83.21,1641.51
e46a9611,472,68,2024-01-15,212.1,10,31.24,42.42,2089.76
e6a67d96,170,22,2024-02-13,163.11,8,30.36,32.62,1274.5200000000002
d1cc6b44,423,77,2024-03-25,376.07,7,7.54,75.21,2624.95
21c4ff89,497,50,2024-09-23,490.83,4,47.66,98.17,1915.6599999999999
1d26efa7,241,48,2024-09-10,334.9,10,49.8,66.98,3299.2
8cd8f6f9,236,15,2024-06-26,293.11,3,11.55,58.62,867.7800000000001
f93d1b9d,145,19,2024-10-15,34.79,1,17.19,6.96,17.599999999999998
3ae668d2,84,59,2025-02-08,266.8,3,42.67,53.36,757.7300000000001
7d6b5ba4,389,52,2024-08-31,356.33,10,38.72,71.27,3524.58
6f71396b,152,67,2023-08-28,430.0,9,27.93,86.0,3842.07
133fecc0,310,2,2023-11-04,27.22,4,42.64,5.44,66.24
5e14b5d5,488,25,2023-06-26,218.13,5,30.29,43.63,1060.3600000000001
7f03cf65,101,29,2024-05-09,105.5,7,3.25,21.1,735.25
b518813e,57,2,2024-06-13,46.82,8,4.82,9.36,369.74
517ede5f,312,87,2024-02-27,484.94,8,47.0,96.99,3832.52
2f410b21,313,94,2024-01-04,17.44,9,4.88,3.49,152.08
d6fc7181,152,46,2023-12-05,204.58,9,5.02,40.92,1836.2
de253a32,456,92,2024-09-12,473.97,10,36.67,94.79,4703.030000000001
59949385,91,18,2024-01-12,69.18,10,14.62,13.84,677.1800000000001
39df79fa,14,89,2023-03-01,318.02,5,10.99,63.6,1579.11
f1af20db,121,36,2023-07-22,459.42,5,45.51,91.88,2251.5899999999997
b9f93c3f,247,64,2024-06-23,42.78,5,6.19,8.56,207.71
75e2c518,202,69,2023-06-25,191.71,8,37.62,38.34,1496.0600000000002
2ff0b750,88,31,2023-03-12,130.58,10,46.98,26.12,1258.8200000000002
90cee6fd,218,88,2023-05-25,162.0,10,32.61,32.4,1587.39
3e6a298b,472,12,2023-06-17,233.98,7,43.64,46.8,1594.2199999999998
61067b50,2,39,2024-05-01,242.49,5,24.81,48.5,1187.64
3ccc843d,177,83,2024-03-02,33.27,8,5.74,6.65,260.42
48692d87,307,50,2023-06-09,75.32,10,37.12,15.06,716.0799999999999
01b7a26c,430,51,2023-12-17,262.99,3,32.49,52.6,756.48
ff4e5fcf,343,16,2023-03-20,414.14,9,14.33,82.83,3712.93
b05abb9f,484,6,2025-02-20,287.35,4,46.48,57.47,1102.92
16f4f172,236,93,2024-10-27,477.57,8,26.4,95.51,3794.16
70c2b8e0,174,67,2023-08-20,467.43,4,36.32,93.49,1833.4
1aa83eb5,230,27,2024-08-20,366.73,7,34.27,73.35,2532.84
51bcc0a8,333,56,2024-05-17,28.02,4,28.17,5.6,83.91
a6c7346f,215,79,2023-05-19,194.47,7,49.17,38.89,1312.12
56868c46,44,97,2023-11-19,467.43,9,26.8,93.49,4180.07
2cdbfb3d,352,79,2024-07-16,451.39,5,5.08,90.28,2251.87
42bcb07e,263,60,2025-01-06,455.16,7,38.59,91.03,3147.53
ca5c61e0,25,30,2024-12-02,371.42,5,49.91,74.28,1807.19
ead83e60,311,25,2023-11-01,429.7,6,31.25,85.94,2546.95
f975eeb7,17,97,2023-05-01,126.4,4,47.99,25.28,457.61
6adb3523,204,5,2023-06-13,178.62,6,8.26,35.72,1063.46
93ad1ef3,42,47,2023-07-14,260.34,3,21.93,52.07,759.09
697569f7,444,50,2023-10-13,362.66,2,31.69,72.53,693.63
9de97b30,49,66,2023-06-17,46.38,1,44.9,9.28,1.480000000000004
c842bee6,163,1,2023-10-21,410.36,6,17.37,82.07,2444.79
c1064f76,498,76,2024-06-26,219.6,3,39.53,43.92,619.27
d01774bc,500,58,2024-05-17,222.68,1,16.72,44.54,205.96
066149f8,126,66,2023-03-02,408.9,10,33.43,81.78,4055.57
1bcd569b,64,57,2023-05-26,447.42,9,27.66,89.48,3999.1200000000003
931f7813,461,82,2023-11-15,170.03,2,4.65,34.01,335.41
d86473bb,234,28,2024-07-16,438.86,3,4.35,87.77,1312.23
78461657,129,51,2023-10-29,407.11,7,28.82,81.42,2820.95
74e4086a,256,68,2024-06-10,466.63,4,33.99,93.33,1832.53
9d794067,346,56,2023-12-05,216.11,1,41.05,43.22,175.06
08b03cdf,250,84,2024-03-12,300.08,1,38.33,60.02,261.75
715cdec7,342,10,2024-04-24,32.21,6,20.09,6.44,173.17
86e6a8d6,187,3,2023-04-30,106.3,3,20.37,21.26,298.53
7127a50c,442,63,2024-10-25,328.75,4,17.69,65.75,1297.31
e0d5213f,339,55,2023-07-08,66.06,3,41.06,13.21,157.12
a022f42e,286,68,2023-10-05,220.64,4,10.93,44.13,871.63
cacf51cd,270,17,2024-06-14,198.11,3,45.58,39.62,548.75
b21b793e,384,39,2024-01-07,298.86,6,28.75,59.77,1764.41
ec248d18,362,29,2024-11-29,399.87,6,36.25,79.97,2362.9700000000003
7b36044b,394,72,2024-06-13,402.79,7,4.87,80.56,2814.6600000000003
791b9e08,343,76,2024-02-22,126.26,1,4.8,25.25,121.46000000000001
6a9990c0,384,53,2024-10-19,302.46,10,41.72,60.49,2982.88
936021c8,452,95,2024-04-17,108.26,7,0.7,21.65,757.12
fa168d83,494,83,2024-09-27,167.97,7,30.21,33.59,1145.58
85302d87,438,67,2023-09-26,18.22,3,15.27,3.64,39.39
82a14d21,63,9,2024-01-20,11.34,2,32.64,2.27,-9.96
6cdcc275,64,31,2023-12-16,60.53,9,31.89,12.11,512.88
02bfc25a,154,100,2024-10-09,324.59,9,35.02,64.92,2886.29
673ec606,349,98,2023-12-21,384.24,6,34.97,76.85,2270.4700000000003
ca5d691e,406,74,2023-08-25,135.55,1,47.49,27.11,88.06
d5cacb8d,251,100,2023-06-10,210.23,6,14.56,42.05,1246.82
69987607,452,60,2023-08-16,238.99,4,25.18,47.8,930.7800000000001
f6e3cfa2,363,92,2023-03-26,351.39,2,16.25,70.28,686.53
2602c0cc,48,66,2023-03-31,155.05,1,42.28,31.01,112.77000000000001
b089e650,392,29,2024-05-08,92.13,5,30.81,18.43,429.84
aa12507f,48,65,2023-08-31,399.98,8,2.96,80.0,3196.88
501a9da9,117,33,2023-07-23,476.38,3,5.94,95.28,1423.1999999999998
cf95a7ed,322,4,2024-06-13,155.31,9,47.58,31.06,1350.21
c60c2c89,178,87,2024-06-08,176.66,5,45.4,35.33,837.9
554b4953,474,96,2024-02-10,108.09,7,30.52,21.62,726.11
49e0ef42,286,95,2024-10-18,169.79,7,39.34,33.96,1149.19
f669156f,67,4,2024-12-09,48.85,6,49.57,9.77,243.53000000000003
262b5779,7,11,2024-12-24,437.58,3,29.42,87.52,1283.32
b5f28b7e,320,13,2024-10-18,76.71,7,45.22,15.34,491.7499999999999
b1c8e940,195,59,2023-03-17,194.82,7,7.35,38.96,1356.39
c1113f4e,182,16,2025-01-29,78.01,4,46.55,15.6,265.49
210fba41,444,14,2023-11-10,396.53,6,20.5,79.31,2358.68
7aa589ac,10,6,2023-05-27,469.62,7,36.05,93.92,3251.29
a7204d57,230,41,2024-05-18,360.35,7,33.3,72.07,2489.15
73dc1981,170,19,2023-05-09,183.63,5,32.34,36.73,885.81
e7e85026,166,29,2024-11-26,410.56,7,38.33,82.11,2835.59
b3c1017d,315,57,2023-12-10,56.64,5,23.41,11.33,259.78999999999996
338d945f,163,23,2023-06-02,135.52,2,48.98,27.1,222.06000000000003
a9c2d7e5,360,23,2023-07-11,268.73,2,15.2,53.75,522.26
34c1cf50,307,60,2023-09-27,256.21,4,44.48,51.24,980.3599999999999
41bc3bf4,257,5,2024-07-19,269.72,8,25.94,53.94,2131.82
2d398694,49,36,2024-01-21,331.92,5,1.49,66.38,1658.1100000000001
23b0c00f,376,51,2023-09-25,345.68,6,39.47,69.14,2034.61
52d05408,86,38,2023-03-07,487.93,2,31.83,97.59,944.03
93cde2e6,152,55,2023-12-05,335.07,6,40.23,67.01,1970.19
ae38b60b,43,79,2023-08-26,397.46,1,34.94,79.49,362.52
68cf931a,102,69,2024-09-25,61.37,9,29.53,12.27,522.8
dece62ff,130,10,2023-12-18,201.37,3,35.27,40.27,568.84
75218b09,143,12,2024-12-05,149.53,10,4.76,29.91,1490.54
adbf1a5f,491,80,2023-10-24,59.62,1,5.58,11.92,54.04
2a71cf4a,455,58,2023-12-25,285.98,2,20.52,57.2,551.44
91251dd1,393,45,2024-05-05,495.1,7,26.49,99.02,3439.2100000000005
c1133024,431,8,2025-01-04,499.44,10,43.08,99.89,4951.32
775ea8bb,119,63,2024-07-27,485.82,3,32.16,97.16,1425.3
59c8ee3e,82,63,2024-09-06,375.94,1,30.52,75.19,345.42
160dab37,277,8,2024-01-10,443.42,4,17.47,88.68,1756.21
a40d0738,26,97,2023-05-09,358.08,7,24.18,71.62,2482.38
d827ee4c,459,86,2025-02-05,392.42,10,41.83,78.48,3882.3700000000003
7462a3dc,193,89,2023-11-24,393.45,5,32.27,78.69,1934.98
f7c96a8a,231,99,2023-11-02,98.29,2,18.51,19.66,178.07000000000002
2b9b5062,278,69,2023-06-12,307.1,7,41.74,61.42,2107.9600000000005
181c9316,45,59,2023-03-18,133.01,8,46.91,26.6,1017.17
506a3ece,397,46,2023-11-25,245.7,5,49.78,49.14,1178.72
e28496fe,173,55,2023-07-21,125.13,10,7.32,25.03,1243.98
a0f49a11,498,55,2024-11-23,144.17,2,30.72,28.83,257.62
bd2673a5,497,42,2023-03-16,284.31,10,1.29,56.86,2841.81
6ae9a9bb,185,79,2023-12-03,64.28,3,20.54,12.86,172.3
f5405420,51,19,2024-09-08,431.44,10,39.12,86.29,4275.28
c721f507,190,21,2023-07-19,344.39,2,5.78,68.88,683.0
4761447a,30,3,2023-06-02,89.63,3,36.71,17.93,232.17999999999998
8cd629d9,363,6,2023-06-27,78.88,7,23.77,15.78,528.39
376da542,54,57,2023-03-18,35.92,3,14.42,7.18,93.34
c84325a0,256,96,2024-06-17,431.59,10,21.43,86.32,4294.469999999999
ce117927,132,79,2023-04-07,109.43,7,36.12,21.89,729.89
142fa064,185,31,2023-09-28,183.87,9,49.59,36.77,1605.24
48095158,500,72,2025-01-24,402.57,10,24.92,80.51,4000.7799999999997
b05d1f77,235,71,2024-12-19,208.58,4,33.16,41.72,801.1600000000001
2bfe28b8,135,76,2024-07-20,415.1,4,43.32,83.02,1617.0800000000002
6e188aeb,180,96,2023-10-24,354.78,3,29.38,70.96,1034.9599999999998
d903eb16,36,77,2024-07-20,391.07,8,28.94,78.21,3099.62
62dadad7,365,37,2024-11-04,419.25,4,43.26,83.85,1633.74
835ae519,275,73,2024-11-03,345.9,5,9.25,69.18,1720.25
f3268598,228,53,2024-05-06,254.22,4,39.56,50.84,977.3199999999999
e70de418,63,65,2024-11-11,473.34,7,43.03,94.67,3270.3499999999995
beb3c12b,287,41,2024-06-28,116.49,2,12.74,23.3,220.23999999999998
3299e37f,355,61,2023-08-21,316.82,9,34.88,63.36,2816.5
12509a82,98,55,2025-01-26,476.43,5,42.37,95.29,2339.78
a5bdf631,154,3,2025-01-22,325.5,4,3.28,65.1,1298.72
20ca2c8f,227,4,2023-12-08,462.88,1,42.77,92.58,420.11
33c18393,411,44,2024-12-19,450.45,10,7.73,90.09,4496.77
abf22cb8,314,47,2024-08-30,233.82,5,45.24,46.76,1123.86
c76665ac,297,49,2024-11-08,424.73,5,36.33,84.95,2087.32
fce30b11,319,99,2023-07-14,100.32,2,27.86,20.06,172.77999999999997
fcaf8df9,340,90,2024-06-22,449.88,5,12.68,89.98,2236.7200000000003
ecf752d0,406,24,2025-01-10,337.2,4,37.86,67.44,1310.94
998e72ed,442,75,2024-10-16,268.17,9,5.4,53.63,2408.13
00a6d946,433,42,2024-11-10,339.34,3,49.43,67.87,968.59
69ecfb71,360,71,2023-09-01,135.67,9,18.41,27.13,1202.62
db953af2,278,15,2024-02-21,333.55,2,28.87,66.71,638.23
e5cff3af,266,10,2024-08-04,283.14,5,23.29,56.63,1392.4099999999999
88e99328,253,28,2024-10-29,349.74,6,18.57,69.95,2079.87
d2156bef,312,53,2024-08-22,294.72,7,11.4,58.94,2051.64
e5672b8a,275,68,2024-06-24,17.46,2,4.63,3.49,30.290000000000003
b25446d5,493,90,2024-03-26,332.84,1,35.58,66.57,297.26
3f7b9f50,160,64,2023-03-29,224.17,10,34.73,44.83,2206.97
83909b17,246,48,2024-04-18,395.54,4,21.44,79.11,1560.72
e1967c54,362,60,2024-07-31,345.5,7,1.29,69.1,2417.21
ea61db66,327,72,2024-07-15,377.85,1,18.23,75.57,359.62
115362f7,416,50,2024-09-09,134.5,10,16.85,26.9,1328.15
a714eb29,477,5,2023-09-22,175.94,2,28.59,35.19,323.29
3621f703,384,12,2023-07-10,339.26,3,11.53,67.85,1006.25
418379b9,340,15,2023-04-24,307.47,7,4.87,61.49,2147.42
8e2e75ff,25,71,2024-12-20,357.56,6,9.03,71.51,2136.33
50a4e571,100,54,2023-11-02,260.53,10,21.0,52.11,2584.2999999999997
8a445671,395,77,2024-05-31,490.98,9,43.89,98.2,4374.929999999999
bd5b76a0,72,79,2024-09-22,168.17,10,5.58,33.63,1676.12
49fe0f08,392,50,2024-09-25,369.69,5,20.05,73.94,1828.4
c1c7b0ab,317,88,2024-12-07,430.35,8,35.78,86.07,3407.02
9d7d9e3a,376,84,2023-03-09,494.75,6,15.93,98.95,2952.57
92a8baa2,57,94,2024-05-31,339.2,9,37.95,67.84,3014.85
cdbebe7a,252,78,2024-02-15,472.93,6,9.45,94.59,2828.13
9c80ebc6,226,86,2024-02-26,150.38,9,28.42,30.08,1325.0
dc76478e,15,18,2023-03-22,425.05,10,16.2,85.01,4234.3
320dfae8,494,14,2024-11-23,249.91,6,41.81,49.98,1457.65
25761888,190,59,2024-11-27,279.64,1,21.91,55.93,257.72999999999996
83d89892,214,12,2023-07-05,250.55,8,33.04,50.11,1971.3600000000001
ce8e46ce,86,74,2024-08-28,439.44,4,4.35,87.89,1753.41
9bca89f6,262,40,2023-08-25,279.39,5,29.71,55.88,1367.2399999999998
359487c2,412,9,2024-01-24,316.27,8,28.93,63.25,2501.23
631a1718,381,84,2024-10-23,124.5,8,39.05,24.9,956.95
d330196d,401,27,2024-01-30,252.35,6,8.76,50.47,1505.34
0938334b,111,70,2024-01-30,19.63,9,44.04,3.93,132.63
b8d81dac,207,35,2023-06-14,22.93,5,10.33,4.59,104.32000000000001
3edc9b48,440,95,2023-04-10,292.42,2,48.97,58.48,535.87
15342935,153,72,2024-06-10,446.95,3,49.24,89.39,1291.61
0c60836c,19,87,2023-07-03,479.39,4,22.65,95.88,1894.9099999999999
caf38a59,170,38,2024-10-04,318.62,6,47.81,63.72,1863.91
29d38dd5,195,12,2023-08-28,56.05,8,28.84,11.21,419.56
bb46b4a7,262,46,2024-11-28,243.65,2,29.25,48.73,458.05
4c7dcdc3,347,26,2025-01-03,24.5,7,19.96,4.9,151.54
ed4bde5d,259,60,2024-09-09,114.72,9,45.81,22.94,986.6700000000001
290e85f5,65,64,2024-01-29,285.59,10,40.42,57.12,2815.4799999999996
626cfbd2,326,44,2024-09-25,495.72,2,12.07,99.14,979.37
7817025f,254,79,2025-01-19,472.46,7,35.86,94.49,3271.3599999999997
0e12fba8,159,11,2024-02-25,124.76,3,29.03,24.95,345.25
e383fb22,34,33,2024-11-12,479.85,9,17.02,95.97,4301.63
be110861,91,36,2023-05-15,12.34,3,29.17,2.47,7.849999999999994
f34cb282,410,22,2024-08-07,451.49,3,41.73,90.3,1312.74
062ea408,13,14,2025-02-25,434.57,10,21.42,86.91,4324.28
a3e9f856,18,75,2023-10-17,169.68,7,23.94,33.94,1163.82
4f09cd0f,10,77,2023-11-13,285.14,4,46.32,57.03,1094.24
09f956e0,385,75,2023-02-26,128.37,2,3.87,25.67,252.87
acb154cf,286,27,2024-06-16,343.43,7,15.32,68.69,2388.69
267ec6c3,409,98,2023-09-27,91.5,1,37.95,18.3,53.55
d0a71654,263,100,2024-01-19,386.59,2,19.32,77.32,753.8599999999999
50eab9ac,488,59,2024-09-06,58.81,10,11.1,11.76,577.0
b3ff2ea0,241,30,2023-05-02,102.65,10,45.71,20.53,980.79
048a9247,154,2,2023-08-23,440.12,7,45.45,88.02,3035.3900000000003
29833755,354,26,2024-08-13,445.6,1,29.46,89.12,416.14000000000004
e6214d02,155,38,2023-08-12,304.17,10,0.01,60.83,3041.69
0678a0eb,365,12,2024-12-22,446.32,6,15.03,89.26,2662.89
6dd59ad7,252,73,2024-11-14,18.48,8,10.93,3.7,136.91
57bfa5d5,150,37,2024-10-25,202.38,6,9.92,40.48,1204.36
f590c2f1,154,21,2024-10-15,145.13,8,9.4,29.03,1151.6399999999999
b95cec87,282,40,2025-02-02,261.65,6,25.37,52.33,1544.53
e8f3c1de,455,56,2023-07-09,105.52,2,49.06,21.1,161.98
5e9da068,238,72,2023-11-07,222.2,3,2.3,44.44,664.3
1bd7c569,140,54,2025-01-17,367.88,7,22.19,73.58,2552.97
2858deb0,193,32,2023-04-29,16.68,8,9.28,3.34,124.16
c9ec13c6,497,21,2025-01-10,124.5,10,21.95,24.9,1223.05
06dc1be9,132,2,2024-10-17,363.95,4,31.7,72.79,1424.1
59355684,263,20,2023-12-02,122.42,7,32.49,24.48,824.45
0b422263,288,67,2025-02-19,350.62,4,47.07,70.12,1355.41
e3f94ce8,237,62,2024-02-24,338.77,2,42.72,67.75,634.8199999999999
1bc6edcd,128,57,2024-12-04,455.51,9,39.49,91.1,4060.1000000000004
f553a13b,30,59,2023-10-08,190.58,9,20.66,38.12,1694.56
472764e8,469,30,2025-01-25,326.66,1,11.6,65.33,315.06
c598992f,472,46,2025-01-15,461.67,4,33.04,92.33,1813.64
b6032c6a,206,72,2023-05-12,262.98,8,2.11,52.6,2101.73
b48c79f8,415,36,2023-08-06,244.26,2,49.96,48.85,438.56
65cb955a,462,100,2024-11-26,307.92,8,7.66,61.58,2455.7000000000003
dc15501f,300,35,2023-12-02,454.3,8,39.95,90.86,3594.4500000000003
e6ed8026,386,76,2024-06-28,441.89,8,26.73,88.38,3508.39
9e0fea23,433,15,2024-09-22,192.48,7,39.49,38.5,1307.87
ddd26077,52,88,2024-03-09,273.33,8,28.09,54.67,2158.5499999999997
5a3be30b,124,90,2023-07-19,49.74,7,40.69,9.95,307.49
96614cc7,445,74,2025-02-24,212.61,10,27.06,42.52,2099.0400000000004
3c3559a8,110,68,2024-03-30,479.49,9,10.9,95.9,4304.51
5bd93b49,150,57,2023-12-30,148.39,4,14.66,29.68,578.9
da311506,431,70,2024-07-03,363.46,6,2.5,72.69,2178.2599999999998
a3cf5dab,145,12,2024-07-17,181.0,8,15.22,36.2,1432.78
dcb9525c,136,60,2023-10-21,213.15,8,35.69,42.63,1669.51
6fe7c5c6,221,74,2024-08-01,430.14,8,30.04,86.03,3411.08
d1d5d35b,104,30,2024-05-26,52.44,10,30.46,10.49,493.94
d53d81bf,144,6,2024-11-14,338.1,10,28.8,67.62,3352.2
6240d773,287,14,2024-01-07,157.84,10,46.03,31.57,1532.3700000000001
b338a51c,315,40,2024-12-21,252.26,8,4.37,50.45,2013.71
53702988,204,10,2024-05-13,227.18,2,26.91,45.44,427.45
9caecbfc,85,3,2023-07-02,149.0,7,41.73,29.8,1001.27
cd04440b,231,5,2023-06-07,289.23,1,49.19,57.85,240.04000000000002
1b956fc4,500,76,2024-04-08,467.18,2,0.98,93.44,933.38
bb8a4e5e,146,84,2023-12-31,282.97,5,49.34,56.59,1365.5100000000002
65afa158,22,92,2023-03-20,174.71,5,11.54,34.94,862.0100000000001
5518660b,211,43,2023-11-25,373.31,2,45.23,74.66,701.39
6257a1cf,1,82,2024-03-07,348.43,3,19.09,69.69,1026.2
9ed094b8,457,14,2025-01-28,284.27,4,35.41,56.85,1101.6699999999998
6209be7d,386,57,2023-04-26,64.4,8,24.88,12.88,490.32000000000005
b6552d1a,16,33,2023-12-31,192.96,9,1.67,38.59,1734.97
2c0dc852,9,46,2024-06-25,493.98,4,44.9,98.8,1931.02
b8e78829,100,2,2024-10-05,481.37,3,1.15,96.27,1442.96
b78c8a85,453,78,2024-04-18,366.87,6,14.62,73.37,2186.6000000000004
a0a48540,158,84,2024-06-25,60.53,1,20.81,12.11,39.72
cbaa6355,379,47,2023-07-02,210.75,8,14.71,42.15,1671.29
3ab45dea,37,82,2023-11-29,134.46,10,19.57,26.89,1325.0300000000002
a7b6800e,486,98,2024-06-29,164.32,5,26.33,32.86,795.2699999999999
99afc35a,185,29,2023-08-23,37.72,2,7.67,7.54,67.77
da3c672f,296,52,2024-07-13,108.72,6,25.84,21.74,626.4799999999999
14df125a,355,83,2024-07-10,31.8,5,39.43,6.36,119.57
a590262f,127,39,2023-03-04,457.88,9,32.25,91.58,4088.67
a43b275d,32,48,2023-11-22,294.45,10,22.73,58.89,2921.77
d9f1d9b5,497,26,2024-04-27,399.93,2,30.38,79.99,769.48
9f5f683f,259,85,2024-06-18,280.93,1,27.72,56.19,253.21
0fafd52c,18,8,2023-08-01,231.77,3,49.01,46.35,646.3000000000001
9387ea41,433,91,2024-03-08,234.83,2,38.94,46.97,430.72
b4feb6d0,243,20,2023-05-12,207.37,8,0.56,41.47,1658.4
6278561d,250,78,2024-04-29,435.83,10,36.31,87.17,4321.99
788d46c7,346,54,2023-06-04,467.98,6,6.45,93.6,2801.4300000000003
1060b07c,252,61,2024-06-01,26.38,1,47.65,5.28,-21.27
1473eff6,365,31,2023-06-08,237.62,9,16.75,47.52,2121.83
d03f27e4,361,75,2024-03-16,267.5,4,23.51,53.5,1046.49
931434a2,290,80,2023-08-15,241.11,8,39.16,48.22,1889.72
2fb3b181,446,2,2023-06-03,36.53,4,9.1,7.31,137.02
7884ef73,362,91,2024-01-07,112.13,9,27.11,22.43,982.06
0de332b9,121,69,2024-02-04,215.39,8,42.3,43.08,1680.82
084fb8a4,411,44,2023-06-07,160.09,3,6.2,32.02,474.07
7206fc90,39,72,2024-04-13,488.31,4,45.79,97.66,1907.45
5f1d6e98,448,69,2023-10-30,396.58,8,29.12,79.32,3143.52
54e05326,368,61,2024-11-23,479.63,8,23.98,95.93,3813.06
04021e14,232,64,2023-05-01,234.85,8,17.44,46.97,1861.36
06fd5d23,357,19,2023-06-20,86.93,9,21.08,17.39,761.2900000000001
ae3fbeb4,188,28,2023-06-15,356.55,10,1.35,71.31,3564.15
abd30705,330,18,2025-01-14,486.91,2,41.89,97.38,931.9300000000001
a4040461,263,70,2025-01-07,187.39,7,42.72,37.48,1269.01
70db0a86,459,89,2023-09-29,489.33,1,46.98,97.87,442.34999999999997
18819128,146,36,2023-06-14,330.69,3,26.51,66.14,965.56
dbcf2ef9,11,67,2023-12-10,316.75,2,4.1,63.35,629.4
f51178d2,305,77,2024-01-17,98.71,4,32.89,19.74,361.95
d1c9fd38,447,6,2023-09-12,450.7,1,34.82,90.14,415.88
ed022592,405,23,2025-01-29,105.0,7,4.71,21.0,730.29
10302b90,498,28,2025-02-08,251.33,3,0.86,50.27,753.13
292aa033,247,56,2024-12-29,364.26,3,19.92,72.85,1072.86
b76db741,288,75,2024-05-12,146.16,5,22.22,29.23,708.5799999999999
0e5fe0a5,69,94,2024-05-18,202.46,10,43.81,40.49,1980.7900000000002
863f60f6,375,80,2024-04-27,452.43,5,7.78,90.49,2254.37
f36e3a4e,375,35,2023-10-02,492.2,1,35.08,98.44,457.12
e5b9141c,230,17,2024-06-20,179.14,7,43.42,35.83,1210.56
b7f145c3,319,79,2023-10-21,307.17,10,22.07,61.43,3049.63
9033c13d,48,18,2024-09-06,400.67,4,28.43,80.13,1574.25
00308310,340,86,2023-04-04,323.26,8,13.23,64.65,2572.85
d4cf0b10,15,100,2023-04-15,327.45,9,13.08,65.49,2933.97
cfbb09cf,263,98,2024-09-13,375.37,7,26.49,75.07,2601.1000000000004
7baaf5db,132,2,2024-07-02,180.74,6,2.8,36.15,1081.64
fbf74887,123,20,2023-09-12,306.4,8,32.23,61.28,2418.97
47feda56,214,16,2023-07-15,165.07,7,15.65,33.01,1139.84
1ce5ee9c,103,19,2023-11-08,399.62,1,16.28,79.92,383.34000000000003
d0dca9e4,34,16,2024-02-13,58.37,7,32.77,11.67,375.82
1d5a7d7d,283,59,2024-09-11,385.21,8,46.55,77.04,3035.1299999999997
62d37b48,320,12,2024-01-09,353.58,4,33.82,70.72,1380.5
d1aa6654,440,61,2024-12-09,215.85,8,4.73,43.17,1722.07
d3562d64,279,16,2024-03-09,225.83,8,15.79,45.17,1790.8500000000001
f85566a7,363,20,2023-10-06,463.73,10,41.72,92.75,4595.58
1d1feb5c,421,58,2023-07-20,426.45,4,40.75,85.29,1665.05
53eb6566,213,59,2023-09-29,99.58,10,16.85,19.92,978.9499999999999
2f607426,215,90,2023-06-10,380.83,4,14.69,76.17,1508.6299999999999
617606e5,295,63,2024-11-11,341.78,6,21.87,68.36,2028.81
58f3fcce,121,98,2024-11-03,243.59,6,47.86,48.72,1413.68
991c3cdf,439,38,2023-12-31,81.86,8,10.63,16.37,644.25
837d234a,388,60,2023-04-14,25.18,4,47.66,5.04,53.06
51e9e309,30,22,2024-09-23,467.31,4,22.94,93.46,1846.3
a3dc18bb,50,92,2025-02-05,75.4,6,2.6,15.08,449.8
22f70c6c,262,94,2024-11-27,433.73,5,27.49,86.75,2141.1600000000003
10e38dd7,458,61,2023-09-17,253.38,8,2.02,50.68,2025.02
37287a99,489,52,2023-06-08,119.51,4,28.84,23.9,449.20000000000005
da0df13f,468,29,2024-07-10,140.53,10,18.76,28.11,1386.54
bd3cb371,206,7,2024-04-19,173.35,3,37.44,34.67,482.60999999999996
f418ba27,462,51,2024-04-01,395.25,8,18.65,79.05,3143.35
e1b464b6,196,21,2023-04-04,413.62,8,33.08,82.72,3275.88
7877c166,258,62,2024-06-13,387.36,9,13.39,77.47,3472.8500000000004
664866ea,420,43,2023-10-11,123.7,6,46.22,24.74,695.98
f69815f4,380,33,2023-09-13,402.02,1,9.27,80.4,392.75
e0a27529,112,31,2024-12-07,374.18,7,3.16,74.84,2616.1000000000004
42ede265,483,44,2024-04-12,220.91,6,18.69,44.18,1306.77
f9ba41c4,288,45,2023-04-10,144.62,1,14.54,28.92,130.08
9b254f93,468,30,2023-06-19,488.63,2,11.68,97.73,965.58
83f93d3e,395,20,2024-07-21,132.07,3,14.6,26.41,381.60999999999996
6900c04e,199,80,2024-07-14,185.44,2,15.89,37.09,354.99
bdbc0c7d,280,59,2024-09-21,242.46,2,0.39,48.49,484.53000000000003
0d52187d,155,24,2024-04-20,237.75,4,12.94,47.55,938.06
a7905fda,15,91,2023-11-23,304.66,5,21.2,60.93,1502.1000000000001
e76c4a6c,207,67,2023-03-24,122.43,4,32.17,24.49,457.55
1cea7bb1,234,34,2024-12-03,172.44,6,43.61,34.49,991.0299999999999
7c66f1b2,268,26,2024-01-09,418.5,5,29.34,83.7,2063.16
bc9f894a,141,90,2024-11-14,323.69,9,42.77,64.74,2870.44
e0036930,314,95,2024-04-22,114.0,10,35.71,22.8,1104.29
3374956e,459,19,2023-03-25,263.0,3,30.8,52.6,758.2
331e6248,326,68,2024-03-15,447.52,1,11.01,89.5,436.51
3d48ce59,265,2,2024-07-10,435.11,8,28.31,87.02,3452.57
9d6e2c81,215,14,2024-02-09,443.45,3,3.24,88.69,1327.11
5ec9d0a8,445,52,2023-09-29,225.57,3,15.95,45.11,660.76
b1e5591e,495,36,2024-07-11,78.91,1,37.09,15.78,41.81999999999999
0b8203b1,120,13,2023-07-03,162.09,3,32.71,32.42,453.56
a42bb536,69,50,2024-06-23,19.86,1,30.94,3.97,-11.080000000000002
04e27ec7,485,52,2023-04-23,49.45,7,49.69,9.89,296.46000000000004
d2625b8a,95,91,2024-06-20,362.91,8,12.11,72.58,2891.17
475e08cd,398,57,2023-12-28,465.23,3,22.81,93.05,1372.88
c9fc339c,344,82,2024-04-27,76.47,3,49.6,15.29,179.81
d55b1c16,183,62,2024-04-15,188.14,3,46.65,37.63,517.77
d70172db,153,25,2024-10-03,359.0,2,36.52,71.8,681.48
b8aa2276,256,98,2024-05-09,355.18,4,7.49,71.04,1413.23
5c03ff2a,282,56,2023-06-05,444.04,3,0.91,88.81,1331.21
3673e534,150,17,2024-04-15,374.41,1,2.17,74.88,372.24
987329ee,55,11,2023-06-18,390.31,3,5.11,78.06,1165.8200000000002
cf64e81c,162,91,2023-08-10,122.34,1,8.44,24.47,113.9
8b389039,207,29,2024-10-23,254.31,10,43.2,50.86,2499.9
b41660af,452,96,2024-02-08,479.65,9,32.13,95.93,4284.719999999999
3ed30a20,19,97,2024-06-14,388.23,2,27.07,77.65,749.39
397f5e18,35,73,2023-06-29,107.24,4,21.41,21.45,407.54999999999995
dff8b72c,436,86,2023-08-24,179.19,7,34.15,35.84,1220.1799999999998
fc9a73b1,352,83,2023-09-04,228.64,8,37.39,45.73,1791.7299999999998
f7c4cf29,440,97,2023-09-17,417.81,7,14.22,83.56,2910.4500000000003
01b2cdba,89,89,2024-01-17,192.24,3,8.14,38.45,568.58
09b7eaea,259,48,2023-02-27,435.6,1,19.97,87.12,415.63
b0948624,393,53,2024-03-29,200.0,8,29.49,40.0,1570.51
a7903657,408,19,2023-12-07,10.57,4,32.18,2.11,10.100000000000001
4dbc2e74,398,8,2024-07-03,284.8,5,43.28,56.96,1380.72
a7adf646,316,44,2023-06-08,179.39,7,5.92,35.88,1249.81
83557d98,449,43,2023-12-23,202.17,5,48.6,40.43,962.2499999999999
b58d722e,345,16,2024-05-18,212.09,9,4.62,42.42,1904.19
2eec67bb,25,14,2024-04-05,432.75,4,37.42,86.55,1693.58
71174442,424,87,2023-03-29,257.56,7,35.67,51.51,1767.25
3c7ce422,438,48,2024-11-09,54.32,6,19.83,10.86,306.09000000000003
29d2380e,352,61,2023-03-02,388.92,8,2.32,77.78,3109.04
e80762c1,187,51,2023-03-28,113.42,7,49.33,22.68,744.61
f5caeab3,84,14,2024-07-29,93.6,10,36.36,18.72,899.64
571487d9,111,48,2025-02-21,443.79,7,34.25,88.76,3072.28
7bee561b,355,13,2023-12-04,354.96,9,23.09,70.99,3171.5499999999997
e6f8d84c,367,16,2023-05-15,43.19,2,37.94,8.64,48.44
84bf1758,226,95,2024-10-17,377.39,6,21.93,75.48,2242.4100000000003
75e5159e,372,82,2023-03-04,371.74,1,23.45,74.35,348.29
bcbe6339,43,84,2024-06-14,380.98,1,26.32,76.2,354.66
bda08af3,405,99,2023-04-07,447.36,8,3.06,89.47,3575.82
6164b3f8,307,62,2024-12-20,297.51,5,26.1,59.5,1461.45
c527c46a,254,16,2023-09-28,197.35,1,45.73,39.47,151.62
0f9a4362,217,31,2024-08-25,336.87,10,0.0,67.37,3368.7
e6ab10e0,182,53,2025-02-04,486.96,9,36.47,97.39,4346.169999999999
ebb11cb9,452,30,2024-02-13,428.9,3,40.9,85.78,1245.7999999999997
812b176b,164,97,2024-07-10,440.72,9,37.45,88.14,3929.0300000000007
2c4c4a87,80,48,2024-07-27,499.88,5,44.43,99.98,2454.9700000000003
0147ebb0,138,61,2023-11-09,415.98,1,7.42,83.2,408.56
c8be2e05,31,95,2025-02-22,406.05,6,4.74,81.21,2431.5600000000004
9bcb37cf,172,36,2023-05-05,148.14,2,43.34,29.63,252.93999999999997
a5734efe,313,13,2024-06-17,419.68,2,17.63,83.94,821.73
2048bc76,378,69,2024-12-31,445.72,6,30.06,89.14,2644.26
2680d043,366,59,2024-10-24,27.34,4,31.37,5.47,77.99
756254f2,152,60,2024-05-14,303.73,6,27.7,60.75,1794.68
e47876c4,227,79,2025-01-11,40.49,9,49.76,8.1,314.65000000000003
978edd82,485,18,2023-11-13,166.01,1,44.13,33.2,121.88
51cc9813,289,49,2023-07-15,60.61,1,42.19,12.12,18.42
7912563a,443,56,2023-08-06,57.35,7,23.89,11.47,377.56
b321a67f,135,30,2024-03-21,13.8,5,6.85,2.76,62.15
336d720a,183,59,2023-03-24,44.13,3,3.66,8.83,128.73000000000002
dfb198cf,213,8,2023-11-24,289.06,7,32.48,57.81,1990.94
5afabfd6,151,55,2024-11-09,400.7,8,26.15,80.14,3179.45
a2cd02e1,326,78,2024-07-05,48.69,4,4.7,9.74,190.06
4fe88c91,353,81,2024-04-21,21.0,6,7.37,4.2,118.63
af788e35,129,89,2024-02-14,364.76,8,6.83,72.95,2911.25
be530496,499,63,2024-04-30,292.51,2,48.67,58.5,536.35
a3d461fc,354,4,2023-04-18,142.68,8,11.01,28.54,1130.43
6a4ba5f3,454,98,2023-08-31,372.89,3,41.25,74.58,1077.42
5daff145,165,72,2024-10-18,70.76,2,19.15,14.15,122.37
09c8f1a5,56,8,2024-03-06,392.98,3,13.04,78.6,1165.9
05c26389,245,88,2025-01-14,119.57,7,32.96,23.91,804.03
6474a729,304,35,2024-12-11,186.75,7,36.62,37.35,1270.63
2dca1b71,477,48,2025-02-08,442.64,7,8.05,88.53,3090.43
def194e1,103,48,2024-03-27,262.72,8,25.82,52.54,2075.94
73df4a6e,302,18,2023-04-10,258.47,1,11.06,51.69,247.41000000000003
322f9e23,57,2,2024-09-14,383.52,7,41.07,76.7,2643.5699999999997
690df1c7,241,15,2025-01-07,71.59,5,30.39,14.32,327.56000000000006
12842328,28,16,2023-06-06,345.23,5,28.76,69.05,1697.39
e6705ef7,37,92,2024-08-25,258.42,3,7.67,51.68,767.59
b4431acc,486,47,2025-02-23,106.74,3,0.72,21.35,319.49999999999994
b65eb9ea,67,43,2024-11-05,355.68,8,3.34,71.14,2842.1
09732234,41,87,2023-06-24,86.61,8,11.28,17.32,681.6
d1e28549,486,94,2024-04-07,449.11,3,11.06,89.82,1336.27
f316fca3,300,59,2023-07-05,385.86,4,6.49,77.17,1536.95
ddb81019,231,26,2023-12-23,386.41,1,48.27,77.28,338.14000000000004
34ba9720,172,50,2024-04-02,384.96,2,3.68,76.99,766.24
77cfd607,435,58,2024-03-28,82.42,4,8.75,16.48,320.93
ecbc8ec2,411,6,2023-10-14,414.93,8,43.53,82.99,3275.91
9d5391d4,18,60,2024-02-27,404.43,6,34.68,80.89,2391.9
d1cd7954,300,34,2023-04-06,479.29,1,30.08,95.86,449.21000000000004
1f0c8dd7,439,64,2024-09-01,203.04,6,7.44,40.61,1210.8
1fad95f0,204,71,2024-09-25,227.62,2,34.31,45.52,420.93
bba89271,214,16,2023-10-24,306.48,6,15.45,61.3,1823.43
1076a66d,236,56,2024-07-29,61.36,9,24.45,12.27,527.79
fb0c1c51,329,28,2024-07-13,92.34,9,30.18,18.47,800.8800000000001
8ba26c61,368,80,2024-03-01,127.27,2,5.24,25.45,249.29999999999998
7712db65,404,45,2024-11-30,105.45,7,46.12,21.09,692.03
18cbe2b1,52,2,2024-02-19,118.97,1,11.96,23.79,107.00999999999999
a228d3ee,354,22,2024-07-25,360.66,3,31.9,72.13,1050.08
bbc7c8f4,89,61,2024-08-07,256.22,5,5.51,51.24,1275.5900000000001
89faa121,224,89,2024-12-01,190.69,6,32.96,38.14,1111.1799999999998
2b76fc87,378,78,2024-03-17,88.56,6,16.23,17.71,515.13
ca70a985,161,86,2023-05-17,433.69,9,40.83,86.74,3862.38
b61a385c,25,55,2023-12-09,462.14,3,34.41,92.43,1352.01
b827496b,70,43,2023-06-03,481.05,7,37.37,96.21,3329.98
8ecc3736,38,64,2025-01-15,14.52,8,4.94,2.9,111.22
081d72f1,297,46,2023-03-01,67.95,8,16.78,13.59,526.82
6bf688c1,73,50,2024-09-15,72.54,5,40.31,14.51,322.39000000000004
e8a3216d,463,64,2023-04-19,304.2,10,13.5,60.84,3028.5
ffafe414,463,10,2024-12-03,63.69,7,43.24,12.74,402.59
fe6487de,182,24,2024-04-12,199.23,7,24.4,39.85,1370.2099999999998
7a7af2ca,448,48,2024-04-23,84.01,8,43.24,16.8,628.84
23551914,325,91,2024-12-01,66.73,9,13.0,13.35,587.57
a9f66b57,444,30,2023-11-03,141.96,9,47.05,28.39,1230.5900000000001
9f0e64b9,226,78,2024-11-12,68.87,7,8.88,13.77,473.21000000000004
5512e647,174,57,2023-10-10,58.35,7,32.76,11.67,375.69
579075dd,379,35,2024-11-28,232.19,1,49.13,46.44,183.06
e2be8d53,168,22,2023-08-12,23.33,8,14.44,4.67,172.2
00354699,186,37,2025-02-16,361.25,3,42.85,72.25,1040.9
7a81437e,88,57,2024-05-03,218.13,6,14.62,43.63,1294.16
8dd545e3,302,34,2023-07-11,480.67,4,9.98,96.13,1912.7
c0a55d1f,83,74,2024-08-09,399.92,8,42.79,79.98,3156.57
701b543e,168,33,2024-09-16,36.85,1,5.32,7.37,31.53
3ce77d5a,391,1,2024-03-08,414.35,4,24.59,82.87,1632.8100000000002
2854081e,47,48,2023-03-09,232.3,10,31.56,46.46,2291.44
c6df8927,389,64,2023-05-02,17.05,8,42.77,3.41,93.63
4fbfc47b,164,95,2023-11-25,419.22,1,27.94,83.84,391.28000000000003
10fe6a36,94,64,2024-01-31,214.27,4,36.83,42.85,820.25
84df54fd,433,76,2023-10-13,243.83,10,11.59,48.77,2426.71
cdf9b1f3,490,2,2024-09-16,51.89,8,25.16,10.38,389.96
338a972c,163,8,2023-11-29,342.23,5,30.49,68.45,1680.66
4d79b3d5,28,96,2025-01-17,32.31,2,2.07,6.46,62.550000000000004
56ef2f28,322,58,2023-11-24,354.77,9,6.16,70.95,3186.77
658dabad,186,45,2025-01-16,440.15,6,1.84,88.03,2639.0599999999995
9e9c41d1,309,62,2023-05-02,440.52,3,49.14,88.1,1272.4199999999998
f5881b05,348,96,2024-03-04,468.26,8,48.39,93.65,3697.69
da3ec08c,379,64,2024-09-10,484.52,2,21.1,96.9,947.9399999999999
2c20ea9c,141,1,2023-07-29,299.44,4,5.99,59.89,1191.77
a68eb1a3,171,20,2023-09-10,59.82,2,27.69,11.96,91.95
cb4af06c,406,71,2024-04-22,269.86,7,14.43,53.97,1874.59
2b1cb76b,120,11,2024-01-30,334.41,2,33.65,66.88,635.1700000000001
cd6331d9,225,36,2023-07-26,423.92,5,17.51,84.78,2102.0899999999997
82fae0b6,20,56,2024-09-23,339.61,6,39.36,67.92,1998.3000000000002
54b84bd3,190,15,2023-08-26,347.49,1,21.6,69.5,325.89
92c501d4,272,31,2023-07-21,132.05,10,34.09,26.41,1286.41
814f099f,299,53,2023-09-29,258.08,6,32.53,51.62,1515.95
4bc7ec8e,186,60,2023-11-16,289.95,4,49.55,57.99,1110.25
6127065a,260,100,2024-09-18,479.33,7,15.63,95.87,3339.68
8489d4c3,294,68,2024-07-20,11.29,1,35.61,2.26,-24.32
270ea1f4,153,14,2024-08-17,104.35,7,34.1,20.87,696.3499999999999
54117c80,147,40,2023-10-16,387.49,9,45.34,77.5,3442.0699999999997
808a8aaa,367,86,2023-11-10,166.33,6,22.18,33.27,975.8000000000001
8bd647eb,477,34,2023-04-01,109.58,10,27.37,21.92,1068.43
b6fd5eb0,460,71,2025-01-24,430.61,1,12.16,86.12,418.45
210e65dc,88,33,2023-05-15,150.62,6,32.91,30.12,870.8100000000001
441862a8,21,86,2024-02-07,436.81,1,34.95,87.36,401.86
e7928b84,83,67,2024-06-27,408.5,1,45.0,81.7,363.5
2fceeacb,154,54,2024-08-11,293.47,6,24.88,58.69,1735.94
944187cb,353,5,2024-07-20,288.27,4,13.28,57.65,1139.8
aa84d1f0,23,61,2025-02-04,89.88,3,15.14,17.98,254.5
f19ad9f3,337,46,2024-02-28,226.98,10,21.38,45.4,2248.4199999999996
0d3e4471,182,75,2023-09-19,98.8,8,17.81,19.76,772.59
31f97e67,434,99,2024-11-11,30.89,10,16.87,6.18,292.03
12db34e5,465,62,2023-03-07,75.11,7,23.28,15.02,502.49
5cadff94,394,89,2024-04-02,111.47,8,37.44,22.29,854.3199999999999
6cebd5d8,421,49,2023-11-21,456.95,1,43.52,91.39,413.43
6713abe0,449,97,2024-12-08,193.67,8,11.12,38.73,1538.24
a07c044d,421,24,2024-04-02,340.28,3,14.89,68.06,1005.9499999999999
1eed3318,27,58,2023-05-19,433.61,5,36.24,86.72,2131.8100000000004
0603efa5,12,53,2024-11-06,295.01,6,44.21,59.0,1725.85
8d572557,429,32,2023-10-10,258.07,3,25.54,51.61,748.6700000000001
f06bbb1f,315,77,2024-06-26,398.94,6,32.37,79.79,2361.27
5cc5a61e,438,15,2024-12-24,333.37,6,27.55,66.67,1972.67
56d52cc5,471,6,2024-07-09,93.14,3,47.71,18.63,231.71
8d9cd660,67,12,2023-10-25,246.55,6,29.58,49.31,1449.7200000000003
9df9fd2c,439,63,2023-08-11,281.97,7,15.23,56.39,1958.5600000000002
1a2b4fab,250,49,2024-04-06,275.23,10,23.11,55.05,2729.19
8bc1e9b4,100,23,2023-04-11,402.81,7,46.61,80.56,2773.06
e8e7c1e0,377,48,2024-01-28,439.85,3,6.95,87.97,1312.6000000000001
4481d09d,93,37,2025-01-24,498.82,2,30.67,99.76,966.97
f4076fe8,435,57,2023-11-02,443.15,7,1.14,88.63,3100.91
be0d9c9a,82,22,2023-11-05,423.99,10,28.35,84.8,4211.549999999999
01758264,351,65,2023-03-19,19.87,2,42.25,3.97,-2.509999999999998
f54cc937,211,94,2024-07-12,323.18,8,24.99,64.64,2560.4500000000003
6778befe,428,89,2024-06-13,35.34,1,7.96,7.07,27.380000000000003
5d04dd44,367,82,2023-03-16,269.17,3,38.14,53.83,769.37
f3eca566,444,37,2023-04-26,448.78,10,39.84,89.76,4447.959999999999
e9f5fecc,474,59,2024-07-30,28.09,8,48.81,5.62,175.91
bbf54ad8,259,69,2024-07-28,109.65,9,39.79,21.93,947.0600000000001
bce26db7,71,16,2023-05-22,433.67,9,25.71,86.73,3877.32
c8542e06,410,1,2024-01-07,33.31,5,13.22,6.66,153.33
32e1f90e,484,16,2023-09-01,300.94,8,22.41,60.19,2385.11
9d656260,293,18,2024-05-21,471.82,2,2.75,94.36,940.89
7b5095ed,75,56,2024-02-03,306.16,5,30.72,61.23,1500.0800000000002
33805e6e,16,23,2023-11-13,487.7,3,12.91,97.54,1450.1899999999998
25dd6575,238,75,2024-08-07,446.94,2,29.12,89.39,864.76
9416a98c,176,79,2024-03-26,204.32,6,29.1,40.86,1196.8200000000002
cf693d53,368,78,2024-04-01,334.72,3,8.39,66.94,995.7700000000001
6673f6ec,287,26,2025-02-05,318.72,7,27.54,63.74,2203.5
f2c71234,89,90,2023-12-02,426.11,10,24.32,85.22,4236.780000000001
7311cc81,241,14,2023-05-12,169.42,3,22.11,33.88,486.15
7ac2bf3a,257,67,2023-07-10,472.39,2,45.09,94.48,899.6899999999999
33587754,263,26,2023-07-29,41.91,8,43.89,8.38,291.39
adb29cb8,149,79,2024-06-25,240.63,9,0.02,48.13,2165.65
81afab89,374,55,2024-01-19,316.8,8,47.61,63.36,2486.79
2abe1806,272,44,2024-03-31,110.67,10,14.73,22.13,1091.97
9b3af4a8,351,48,2024-07-15,285.31,8,5.56,57.06,2276.92
c11f16b0,290,29,2023-10-07,326.73,5,11.22,65.35,1622.43
6bbf58d6,243,25,2023-04-14,463.16,2,2.84,92.63,923.48
6284c0cc,412,7,2024-03-06,102.93,1,11.16,20.59,91.77000000000001
bea33aa5,464,11,2024-01-05,132.7,1,4.06,26.54,128.64
18c3f820,45,87,2024-05-18,25.08,7,49.48,5.02,126.08000000000001
ca377296,56,42,2024-12-18,173.94,8,18.31,34.79,1373.21
6ac2d47e,293,15,2024-10-23,39.7,4,38.29,7.94,120.51000000000002
160df7e0,180,57,2024-12-30,359.01,8,38.39,71.8,2833.69
9fb50587,349,81,2024-01-30,246.89,8,38.75,49.38,1936.37
8f8763f6,48,58,2023-09-11,194.93,10,11.69,38.99,1937.6100000000001
d20490ed,185,30,2023-08-20,32.51,8,0.66,6.5,259.41999999999996
a0c218d7,370,1,2024-07-14,270.16,8,2.37,54.03,2158.9100000000003
cb506287,370,39,2024-09-16,249.02,2,44.52,49.8,453.52000000000004
8c0c2062,396,88,2024-05-09,445.25,3,18.25,89.05,1317.5
fe8d3b48,491,66,2023-02-28,95.53,7,23.44,19.11,645.27
08c80528,301,47,2024-04-19,300.92,10,44.94,60.18,2964.26
732a83e1,199,32,2024-06-22,316.47,5,19.92,63.29,1562.43
4c6ef532,269,31,2023-05-14,123.08,4,2.58,24.62,489.74
e7c158da,435,4,2023-10-19,71.02,4,11.38,14.2,272.7
041a642a,211,28,2023-04-29,37.87,6,41.41,7.57,185.80999999999997
6c0d7e25,387,48,2023-10-18,462.53,6,6.98,92.51,2768.2
d7f1180e,113,74,2024-12-08,182.85,8,21.79,36.57,1441.01
7e46814f,360,66,2024-03-15,200.97,4,15.17,40.19,788.71
2f4df72f,259,44,2023-12-01,389.44,7,12.1,77.89,2713.98
79d4bf5e,217,77,2023-07-05,134.42,1,34.7,26.88,99.71999999999998
fe362c8c,152,76,2024-06-16,214.74,6,36.4,42.95,1252.04
02974fbe,236,92,2023-08-12,324.67,3,1.56,64.93,972.45
732f9473,384,37,2024-06-19,477.26,3,41.31,95.45,1390.47
1db72c53,457,35,2025-01-18,10.95,3,42.75,2.19,-9.900000000000006
ce626135,418,16,2023-12-12,460.07,5,31.88,92.01,2268.47
4cddd36f,404,45,2023-12-17,92.87,3,47.25,18.57,231.36
c74c303e,336,57,2024-07-17,442.41,7,26.88,88.48,3069.9900000000002
28b100ea,251,67,2024-03-03,362.96,9,47.66,72.59,3218.98
0ec6e58d,460,79,2024-12-09,360.69,1,6.19,72.14,354.5
13a9b505,400,84,2023-12-29,237.49,3,13.74,47.5,698.73
2f7317c1,414,46,2023-05-10,36.37,10,37.87,7.27,325.83
366fdbc5,405,1,2024-09-10,347.9,3,9.53,69.58,1034.1699999999998
ef7cef90,277,90,2023-06-05,105.06,6,29.7,21.01,600.66
ac04938e,447,80,2023-12-13,369.04,2,34.23,73.81,703.85
b067c422,466,24,2023-08-23,58.04,2,31.84,11.61,84.24
62d3dddf,282,49,2023-12-09,79.23,3,41.88,15.85,195.81
803da43a,225,28,2025-01-13,198.15,6,41.3,39.63,1147.6000000000001
814a4cc6,92,2,2024-05-07,291.01,5,49.76,58.2,1405.29
9a5b9df7,192,88,2025-02-17,104.92,4,2.7,20.98,416.98
76b375e8,119,77,2025-01-31,81.95,7,6.68,16.39,566.97
57d4371f,193,28,2023-05-08,202.29,10,10.04,40.46,2012.86
da50b07f,82,79,2024-01-05,350.6,1,12.72,70.12,337.88
09af4c40,334,13,2023-10-27,151.43,6,7.34,30.29,901.24
98acbb93,255,83,2023-09-08,149.34,7,35.03,29.87,1010.3500000000001
02a83487,386,61,2023-06-07,499.67,2,30.43,99.93,968.9100000000001
f20ad672,362,59,2024-06-22,15.55,8,3.5,3.11,120.9
536ec5be,216,15,2024-03-07,416.41,3,13.53,83.28,1235.7
7ce7ba4f,408,42,2023-05-10,447.78,2,22.82,89.56,872.7399999999999
dd9cda2d,401,22,2023-08-23,33.6,4,18.09,6.72,116.31
597515cd,61,8,2023-05-16,105.43,8,48.79,21.09,794.6500000000001
e8d99d7b,356,60,2024-04-20,289.88,9,41.68,57.98,2567.2400000000002
226329d0,331,87,2024-08-10,402.57,4,23.07,80.51,1587.21
065f72ef,343,19,2024-03-27,394.25,1,36.21,78.85,358.04
57ba8876,353,75,2025-01-06,73.76,5,30.18,14.75,338.62
09566333,412,86,2023-05-13,151.89,5,30.55,30.38,728.9
d6ea8d1d,109,66,2023-12-19,236.29,2,24.9,47.26,447.68
4a49a6a7,457,100,2023-03-20,247.04,3,9.63,49.41,731.49
661ae865,84,83,2025-01-31,489.28,4,16.76,97.86,1940.36
437a3477,352,46,2024-04-29,12.05,7,42.31,2.41,42.040000000000006
7946bdfe,440,99,2025-02-12,352.09,4,23.88,70.42,1384.4799999999998
29030a21,18,23,2024-11-17,93.0,3,35.87,18.6,243.13
5672d821,321,2,2024-08-12,358.96,10,18.67,71.79,3570.93
26cfabd8,360,73,2024-07-28,303.84,6,46.4,60.77,1776.6399999999999
71fa57a1,476,35,2024-06-09,58.09,1,18.83,11.62,39.260000000000005
8dec123a,217,99,2023-08-05,432.39,3,18.12,86.48,1279.0500000000002
f1928fe1,491,55,2023-09-15,315.05,6,1.4,63.01,1888.9
16c669e0,325,16,2023-04-08,440.75,8,25.03,88.15,3500.97
9d3ed84d,25,80,2023-11-29,296.89,3,38.11,59.38,852.56
fbfa6afb,97,10,2023-07-07,273.72,4,22.45,54.74,1072.43
a1371080,369,84,2023-05-22,385.4,3,2.72,77.08,1153.4799999999998
bcf69874,37,53,2024-01-18,161.39,8,5.82,32.28,1285.3
a70c4662,15,90,2023-10-29,79.77,9,25.72,15.95,692.2099999999999
b50407e7,158,81,2023-10-15,108.67,5,37.56,21.73,505.79
fa6364d7,424,52,2024-09-16,329.72,1,43.62,65.94,286.1
e6dc1132,16,25,2025-02-17,156.62,2,44.7,31.32,268.54
2861de56,262,68,2024-06-17,179.39,5,33.61,35.88,863.3399999999999
0041a9f4,398,35,2025-01-10,324.22,10,30.1,64.84,3212.1000000000004
b6036a85,10,99,2024-07-24,458.65,10,18.59,91.73,4567.91
240d0b89,8,82,2024-12-28,428.11,10,9.76,85.62,4271.34
fa7caab9,130,79,2023-08-19,290.5,3,43.7,58.1,827.8
2f5dc5d4,340,13,2024-10-28,263.69,3,38.4,52.74,752.67
3845f0f0,94,67,2023-08-18,150.33,10,46.16,30.07,1457.14
b8e21f3e,276,33,2023-10-05,183.14,8,30.69,36.63,1434.4299999999998
917cdbf7,415,64,2023-09-02,53.19,6,10.23,10.64,308.90999999999997
0b1ea2b5,317,5,2024-06-07,178.62,3,42.86,35.72,493.0
ec3d1558,97,45,2023-12-06,110.65,9,28.1,22.13,967.75
729df755,379,67,2025-02-25,242.74,1,6.2,48.55,236.54000000000002
1cdcc9b7,458,2,2024-06-21,223.01,3,7.09,44.6,661.9399999999999
87be3c7d,107,60,2023-03-05,19.17,2,19.25,3.83,19.090000000000003
64b3e003,124,90,2023-11-08,245.13,3,37.06,49.03,698.3299999999999
f5f7ef42,147,77,2024-12-03,94.52,5,5.1,18.9,467.49999999999994
fa0e0b0d,443,10,2023-11-13,297.08,2,16.84,59.42,577.3199999999999
d3183a9b,134,50,2024-03-24,118.64,10,14.0,23.73,1172.4
8bc348f3,137,59,2023-10-29,327.18,9,47.14,65.44,2897.48
53699491,102,88,2024-09-20,144.23,8,49.58,28.85,1104.26
7233a394,401,52,2023-07-30,263.07,9,23.93,52.61,2343.7000000000003
72994bf1,28,65,2023-07-07,473.04,7,6.39,94.61,3304.8900000000003
8a475041,136,59,2023-06-24,232.67,3,10.36,46.53,687.65
8e547cce,441,68,2023-03-13,181.39,9,34.49,36.28,1598.0199999999998
00f6ba5b,289,4,2023-07-31,356.7,8,5.88,71.34,2847.72
a6d29aea,151,11,2024-07-28,209.51,7,13.0,41.9,1453.57
363b062f,418,72,2024-08-25,413.05,7,30.57,82.61,2860.7799999999997
2ae74b9e,119,69,2023-10-11,283.58,7,10.61,56.72,1974.45
e74bbdbb,49,5,2024-05-20,186.79,1,37.19,37.36,149.6
