sale_id,customer_id,product_category,amount,sale_date,country
11050,1190,Office Supplies,145.44,2024-01-01,BG
10246,1450,Electronics,1904.43,2024-01-02,JP
10311,1151,Clothing,56.76,2024-01-02,BG
11218,1321,Food & Beverages,71.87,2024-01-02,BR
11674,1493,Office Supplies,72.15,2024-01-02,DE
11986,1489,Beauty,120.46,2024-01-02,BG
10452,1478,Food & Beverages,36.41,2024-01-03,US
10945,1061,Clothing,240.7,2024-01-04,BG
10421,1091,Toys,98.83,2024-01-05,DE
11494,1457,Home & Garden,358.46,2024-01-05,DE
11688,1331,Electronics,1237.13,2024-01-05,DE
10947,1438,Food & Beverages,56.63,2024-01-06,BG
11206,1457,Clothing,229.73,2024-01-06,DE
11582,1225,Beauty,156.61,2024-01-07,JP
11168,1451,Food & Beverages,12.67,2024-01-08,DE
11950,1005,Electronics,568.86,2024-01-08,JP
10239,1168,Books,47.82,2024-01-09,IT
10390,1332,Clothing,156.27,2024-01-09,BR
10758,1177,Sports,200.95,2024-01-09,IN
10880,1139,Electronics,956.67,2024-01-09,FR
11547,1151,Beauty,21.57,2024-01-09,BG
11746,1309,Toys,50.75,2024-01-09,GB
11801,1071,Office Supplies,137.56,2024-01-09,BG
10140,1318,Electronics,1737.77,2024-01-10,BG
10719,1075,Clothing,126.15,2024-01-10,RO
11811,1296,Clothing,86.81,2024-01-10,RO
11990,1267,Home & Garden,81.82,2024-01-10,BG
11108,1354,Clothing,88.62,2024-01-11,BR
11322,1023,Books,29.72,2024-01-11,PL
11850,1439,Home & Garden,250.07,2024-01-11,IN
10043,1004,Office Supplies,86.33,2024-01-13,BR
10079,1402,Toys,130.92,2024-01-13,RO
10204,1327,Books,46.04,2024-01-13,US
10230,1002,Electronics,1724.44,2024-01-13,JP
10357,1167,Sports,219.88,2024-01-13,BG
11109,1345,Electronics,1671.79,2024-01-13,DE
11738,1301,Home & Garden,82.64,2024-01-13,DE
10426,1274,Home & Garden,443.78,2024-01-15,JP
10020,1446,Toys,52.45,2024-01-16,ES
10914,1116,Electronics,846.75,2024-01-16,GR
11873,1055,Toys,55.27,2024-01-16,BG
10042,1031,Food & Beverages,67.63,2024-01-17,DE
11148,1274,Food & Beverages,96.82,2024-01-17,JP
11167,1314,Beauty,158.2,2024-01-17,BG
11865,1192,Home & Garden,135.99,2024-01-17,BG
11295,1192,Office Supplies,112.08,2024-01-18,BG
11855,1431,Clothing,55.09,2024-01-19,FR
11882,1163,Food & Beverages,11.41,2024-01-19,DE
10806,1260,Beauty,149.93,2024-01-20,DE
10882,1437,Toys,131.0,2024-01-20,US
11129,1373,Sports,316.46,2024-01-20,BG
11649,1097,Food & Beverages,52.75,2024-01-20,US
11650,1062,Office Supplies,33.52,2024-01-20,BG
11667,1015,Beauty,131.11,2024-01-20,US
10367,1472,Sports,361.39,2024-01-21,GR
11695,1228,Electronics,481.97,2024-01-21,PL
11454,1484,Home & Garden,32.03,2024-01-24,GR
11814,1276,Sports,147.28,2024-01-24,RO
10244,1078,Electronics,1868.18,2024-01-25,DE
10112,1238,Office Supplies,29.41,2024-01-26,FR
11259,1274,Sports,70.56,2024-01-26,JP
11266,1072,Office Supplies,24.6,2024-01-26,JP
11716,1172,Books,71.37,2024-01-26,FR
10336,1151,Food & Beverages,23.97,2024-01-27,BG
10402,1207,Toys,105.31,2024-01-27,FR
10909,1119,Home & Garden,153.93,2024-01-27,FR
11356,1426,Books,43.87,2024-01-28,PL
10294,1163,Toys,137.96,2024-01-29,DE
10686,1349,Food & Beverages,90.17,2024-01-29,US
11373,1393,Sports,145.18,2024-01-29,JP
11444,1378,Toys,73.46,2024-01-29,GB
11015,1277,Food & Beverages,9.82,2024-01-30,ES
11974,1359,Books,15.59,2024-01-30,BR
10224,1376,Books,63.54,2024-01-31,RO
11762,1468,Toys,16.15,2024-01-31,IN
10144,1251,Clothing,34.43,2024-02-01,JP
10571,1196,Beauty,166.56,2024-02-01,BG
10988,1034,Clothing,80.91,2024-02-01,US
10813,1428,Clothing,56.98,2024-02-02,GB
11363,1280,Electronics,1907.53,2024-02-02,JP
10151,1053,Home & Garden,192.67,2024-02-03,JP
10953,1179,Electronics,333.48,2024-02-03,BG
11627,1356,Home & Garden,284.15,2024-02-03,BR
10349,1244,Sports,54.61,2024-02-05,US
10836,1230,Beauty,12.04,2024-02-05,GB
11859,1226,Toys,34.91,2024-02-05,IN
10232,1472,Clothing,57.06,2024-02-06,GR
10404,1465,Beauty,88.06,2024-02-06,AT
10487,1010,Books,37.05,2024-02-06,GR
11365,1437,Beauty,95.2,2024-02-06,US
11549,1378,Office Supplies,149.86,2024-02-07,GB
11699,1120,Food & Beverages,96.89,2024-02-07,JP
10297,1278,Sports,90.83,2024-02-08,BG
10425,1220,Food & Beverages,41.42,2024-02-08,IT
10438,1064,Toys,109.56,2024-02-08,FR
10666,1114,Toys,21.21,2024-02-08,NL
11068,1296,Toys,14.68,2024-02-08,RO
11173,1481,Clothing,158.48,2024-02-08,IN
11919,1329,Books,37.43,2024-02-09,US
10450,1361,Beauty,67.53,2024-02-10,IN
10799,1184,Clothing,73.91,2024-02-10,IN
10924,1266,Office Supplies,64.18,2024-02-10,AT
11141,1332,Home & Garden,122.44,2024-02-10,BR
11891,1069,Sports,144.08,2024-02-10,GB
11225,1197,Toys,75.15,2024-02-11,JP
11265,1174,Books,60.68,2024-02-11,BG
11337,1361,Sports,233.92,2024-02-11,IN
10149,1422,Toys,85.89,2024-02-12,BG
10852,1196,Electronics,644.33,2024-02-12,BG
11576,1401,Books,67.3,2024-02-12,AT
10790,1405,Home & Garden,25.18,2024-02-13,ES
11149,1019,Toys,17.85,2024-02-13,PL
11413,1338,Office Supplies,32.99,2024-02-13,US
11754,1169,Clothing,39.64,2024-02-13,BR
10554,1264,Office Supplies,71.27,2024-02-14,BG
10626,1427,Beauty,16.22,2024-02-14,IN
10812,1050,Office Supplies,101.56,2024-02-14,IT
11182,1255,Clothing,52.54,2024-02-14,US
11501,1305,Electronics,692.38,2024-02-14,RO
11841,1094,Books,36.34,2024-02-14,FR
10117,1232,Toys,19.4,2024-02-15,NL
11480,1073,Sports,68.82,2024-02-15,FR
11742,1228,Clothing,72.14,2024-02-15,PL
10431,1302,Sports,87.63,2024-02-16,JP
11653,1311,Toys,66.25,2024-02-16,AT
10611,1199,Food & Beverages,92.2,2024-02-17,DE
11004,1447,Books,32.0,2024-02-17,JP
11250,1498,Sports,313.66,2024-02-18,BG
11609,1322,Office Supplies,58.34,2024-02-18,JP
10174,1404,Toys,135.18,2024-02-19,US
10319,1132,Books,59.87,2024-02-19,BG
11863,1228,Electronics,1216.5,2024-02-19,PL
10858,1043,Food & Beverages,59.29,2024-02-20,BG
10786,1153,Home & Garden,229.05,2024-02-23,NL
11999,1435,Home & Garden,426.24,2024-02-23,GB
10520,1055,Electronics,792.7,2024-02-24,BG
11355,1322,Clothing,21.99,2024-02-24,JP
11776,1405,Clothing,92.0,2024-02-24,ES
10528,1214,Toys,145.22,2024-02-25,BG
10870,1080,Books,16.09,2024-02-25,GB
11016,1242,Electronics,256.56,2024-02-25,PL
11894,1176,Home & Garden,139.37,2024-02-25,GR
11223,1318,Toys,113.01,2024-02-26,BG
11414,1494,Food & Beverages,79.31,2024-02-26,GB
10291,1124,Sports,225.13,2024-02-27,IT
10848,1020,Beauty,26.75,2024-02-27,US
10984,1402,Beauty,186.42,2024-02-27,RO
11425,1210,Sports,348.59,2024-02-27,BG
11825,1150,Office Supplies,17.94,2024-02-28,ES
10820,1421,Toys,121.19,2024-02-29,AT
11296,1433,Sports,86.07,2024-02-29,AT
10037,1095,Office Supplies,148.63,2024-03-01,AT
10156,1402,Home & Garden,491.85,2024-03-01,RO
10878,1270,Electronics,548.14,2024-03-02,BG
11551,1372,Food & Beverages,27.03,2024-03-03,US
11727,1229,Books,14.16,2024-03-03,IN
10522,1147,Sports,79.91,2024-03-04,ES
11049,1207,Clothing,215.34,2024-03-04,FR
11618,1425,Beauty,27.41,2024-03-04,RO
10472,1058,Beauty,94.85,2024-03-05,FR
11146,1013,Home & Garden,303.75,2024-03-05,BG
11232,1349,Beauty,64.1,2024-03-05,US
11243,1228,Electronics,618.46,2024-03-05,PL
11867,1421,Home & Garden,414.38,2024-03-05,AT
10225,1172,Beauty,63.13,2024-03-06,FR
11568,1090,Office Supplies,12.54,2024-03-06,JP
10272,1470,Books,9.57,2024-03-07,BG
11770,1410,Beauty,177.14,2024-03-07,RO
10916,1381,Home & Garden,459.51,2024-03-08,PL
11281,1244,Office Supplies,148.1,2024-03-08,US
11379,1304,Books,73.55,2024-03-08,IN
10355,1076,Sports,144.91,2024-03-09,DE
11843,1276,Sports,275.0,2024-03-09,RO
11327,1400,Home & Garden,312.85,2024-03-10,US
11636,1002,Books,47.42,2024-03-10,JP
11852,1168,Food & Beverages,51.05,2024-03-10,IT
10099,1225,Sports,336.73,2024-03-11,JP
10636,1473,Food & Beverages,61.67,2024-03-11,IN
10767,1415,Sports,179.84,2024-03-11,PL
11828,1067,Office Supplies,67.41,2024-03-11,JP
11039,1091,Sports,383.46,2024-03-12,DE
11134,1245,Beauty,87.94,2024-03-12,US
11341,1149,Beauty,47.49,2024-03-12,US
11823,1251,Electronics,414.05,2024-03-12,JP
11898,1004,Books,70.63,2024-03-12,BR
11939,1418,Food & Beverages,5.15,2024-03-12,BG
10821,1422,Sports,223.38,2024-03-13,BG
11504,1145,Toys,121.74,2024-03-13,JP
10560,1450,Beauty,133.55,2024-03-14,JP
10734,1216,Beauty,171.59,2024-03-14,GB
10777,1029,Sports,315.87,2024-03-14,US
10863,1288,Office Supplies,42.97,2024-03-14,US
11797,1475,Home & Garden,77.08,2024-03-14,GB
10207,1391,Food & Beverages,95.67,2024-03-15,GR
10568,1033,Electronics,1416.72,2024-03-15,US
11848,1260,Electronics,951.23,2024-03-15,DE
10102,1079,Beauty,160.35,2024-03-16,JP
10323,1404,Home & Garden,114.34,2024-03-16,US
11121,1395,Toys,46.03,2024-03-16,FR
11759,1423,Electronics,757.49,2024-03-16,FR
10038,1269,Electronics,1686.18,2024-03-17,BG
10057,1109,Food & Beverages,30.75,2024-03-17,BG
10257,1163,Food & Beverages,30.84,2024-03-17,DE
10326,1455,Beauty,42.25,2024-03-17,BG
10065,1028,Books,39.47,2024-03-18,BG
10165,1138,Beauty,82.53,2024-03-18,BG
10085,1142,Beauty,68.35,2024-03-19,AT
11311,1283,Books,38.05,2024-03-19,AT
11495,1270,Clothing,112.86,2024-03-19,BG
10234,1214,Toys,47.98,2024-03-20,BG
11531,1175,Clothing,64.6,2024-03-21,BG
10764,1200,Beauty,53.47,2024-03-22,ES
10818,1336,Food & Beverages,93.2,2024-03-22,FR
11070,1298,Food & Beverages,96.37,2024-03-22,BG
11222,1278,Home & Garden,476.86,2024-03-23,BG
11439,1209,Electronics,584.37,2024-03-23,PL
10337,1106,Clothing,164.97,2024-03-24,BG
11499,1429,Toys,31.53,2024-03-24,ES
11778,1496,Food & Beverages,24.88,2024-03-24,DE
10071,1409,Home & Garden,433.6,2024-03-25,IN
10555,1152,Home & Garden,205.78,2024-03-25,RO
11083,1415,Electronics,609.29,2024-03-25,PL
10648,1245,Home & Garden,547.85,2024-03-26,US
11910,1011,Beauty,92.35,2024-03-26,JP
10080,1150,Beauty,84.91,2024-03-27,ES
11090,1442,Electronics,718.55,2024-03-27,RO
11601,1208,Home & Garden,530.97,2024-03-27,RO
11788,1131,Office Supplies,20.04,2024-03-27,RO
10105,1360,Office Supplies,92.32,2024-03-28,GB
10113,1248,Books,29.27,2024-03-28,RO
10577,1306,Beauty,112.98,2024-03-28,US
10194,1352,Food & Beverages,86.7,2024-03-29,US
10217,1374,Home & Garden,53.59,2024-03-29,PL
10992,1364,Electronics,579.42,2024-03-29,ES
11562,1319,Home & Garden,183.83,2024-03-29,GR
10075,1185,Sports,63.34,2024-03-30,BG
10152,1231,Sports,155.72,2024-03-30,BG
10281,1211,Office Supplies,76.02,2024-03-30,GR
10335,1028,Toys,10.53,2024-03-30,BG
10954,1342,Sports,149.17,2024-03-30,JP
11537,1185,Beauty,163.27,2024-03-30,BG
10423,1296,Clothing,130.05,2024-03-31,RO
10077,1263,Beauty,31.42,2024-04-01,IN
10454,1343,Food & Beverages,19.17,2024-04-02,US
10934,1460,Home & Garden,531.88,2024-04-02,IN
11213,1184,Sports,114.65,2024-04-02,IN
11417,1460,Toys,104.03,2024-04-02,IN
11420,1341,Office Supplies,43.76,2024-04-02,BR
10182,1372,Home & Garden,268.95,2024-04-03,US
10488,1286,Office Supplies,8.02,2024-04-03,BR
10273,1102,Food & Beverages,81.88,2024-04-04,RO
10544,1213,Office Supplies,84.26,2024-04-04,NL
10995,1192,Electronics,1566.69,2024-04-04,BG
11267,1206,Home & Garden,278.66,2024-04-04,JP
11929,1488,Clothing,17.9,2024-04-04,BG
10168,1168,Electronics,1744.37,2024-04-05,IT
10462,1490,Sports,354.43,2024-04-05,RO
10958,1384,Toys,140.41,2024-04-05,BG
11491,1058,Clothing,44.06,2024-04-05,FR
11515,1096,Beauty,130.57,2024-04-05,RO
11603,1267,Office Supplies,48.32,2024-04-05,BG
10781,1127,Electronics,438.4,2024-04-06,IN
10055,1331,Toys,89.22,2024-04-07,DE
11177,1099,Books,79.04,2024-04-07,GB
10408,1431,Office Supplies,33.72,2024-04-09,FR
10109,1495,Beauty,31.92,2024-04-10,PL
10999,1159,Toys,30.06,2024-04-10,FR
11190,1118,Books,31.48,2024-04-10,DE
10814,1104,Books,42.95,2024-04-11,BG
11656,1196,Sports,59.13,2024-04-11,BG
10457,1152,Sports,199.1,2024-04-12,RO
11385,1166,Books,66.2,2024-04-12,BG
11441,1475,Toys,110.43,2024-04-12,GB
10455,1400,Office Supplies,18.66,2024-04-13,US
11766,1012,Clothing,213.08,2024-04-13,FR
11949,1121,Food & Beverages,51.09,2024-04-13,RO
10188,1197,Books,60.61,2024-04-14,JP
10524,1017,Toys,123.96,2024-04-14,GR
10771,1026,Office Supplies,11.14,2024-04-14,BG
10228,1086,Toys,32.02,2024-04-15,BG
10446,1359,Clothing,113.42,2024-04-17,BR
10447,1262,Books,28.35,2024-04-18,BG
10826,1286,Office Supplies,66.96,2024-04-18,BR
11158,1428,Books,66.88,2024-04-18,GB
11498,1063,Beauty,82.23,2024-04-18,BG
11532,1383,Sports,351.86,2024-04-18,IT
10073,1079,Beauty,71.54,2024-04-19,JP
10652,1353,Toys,67.24,2024-04-19,NL
11029,1261,Books,37.21,2024-04-19,JP
11332,1095,Food & Beverages,68.98,2024-04-19,AT
11423,1479,Beauty,52.99,2024-04-19,FR
10397,1312,Sports,136.93,2024-04-20,DE
11353,1143,Clothing,195.48,2024-04-20,BG
10637,1118,Beauty,84.47,2024-04-21,DE
11335,1390,Toys,27.31,2024-04-22,NL
11368,1160,Beauty,103.64,2024-04-22,FR
10811,1166,Beauty,132.49,2024-04-23,BG
10872,1008,Toys,107.13,2024-04-23,US
11197,1017,Electronics,597.18,2024-04-23,GR
11224,1264,Toys,134.32,2024-04-23,BG
11574,1410,Food & Beverages,96.45,2024-04-23,RO
11607,1372,Beauty,197.55,2024-04-23,US
11767,1011,Clothing,104.05,2024-04-23,JP
11827,1441,Beauty,85.53,2024-04-23,BG
10994,1111,Office Supplies,50.93,2024-04-24,IT
11086,1440,Sports,30.33,2024-04-24,IT
11318,1067,Books,38.59,2024-04-24,JP
11538,1065,Clothing,18.26,2024-04-24,DE
10147,1290,Food & Beverages,57.22,2024-04-25,AT
10358,1403,Office Supplies,119.0,2024-04-25,AT
11069,1291,Food & Beverages,71.96,2024-04-25,US
11334,1110,Office Supplies,40.31,2024-04-25,DE
11426,1252,Office Supplies,61.21,2024-04-25,BG
10493,1243,Toys,110.23,2024-04-26,BG
10551,1454,Toys,63.39,2024-04-26,ES
10977,1282,Toys,117.38,2024-04-26,BR
11228,1071,Toys,43.41,2024-04-26,BG
11408,1352,Home & Garden,255.4,2024-04-26,US
10441,1429,Electronics,144.06,2024-04-28,ES
10459,1185,Toys,69.64,2024-04-28,BG
11095,1028,Sports,308.31,2024-04-28,BG
11982,1414,Home & Garden,149.66,2024-04-28,US
11984,1380,Home & Garden,451.88,2024-04-28,BR
10990,1293,Beauty,47.23,2024-04-29,DE
11254,1464,Clothing,52.89,2024-04-29,GB
10021,1109,Home & Garden,578.0,2024-04-30,BG
10650,1003,Electronics,1177.07,2024-04-30,BG
11577,1260,Books,20.03,2024-04-30,DE
11626,1067,Office Supplies,130.58,2024-04-30,JP
10566,1162,Electronics,809.53,2024-05-01,BG
10622,1081,Toys,94.28,2024-05-01,FR
10698,1183,Clothing,198.05,2024-05-02,BR
11294,1322,Food & Beverages,97.55,2024-05-02,JP
10707,1202,Clothing,122.44,2024-05-03,FR
11662,1458,Toys,46.11,2024-05-03,NL
10779,1419,Beauty,167.71,2024-05-04,RO
10961,1034,Sports,201.56,2024-05-04,US
11959,1206,Clothing,21.03,2024-05-05,JP
10195,1460,Books,18.08,2024-05-06,IN
10936,1408,Clothing,183.82,2024-05-06,BG
11646,1323,Sports,235.39,2024-05-06,BR
11856,1311,Books,20.76,2024-05-07,AT
11885,1007,Home & Garden,32.3,2024-05-07,RO
11947,1041,Sports,57.14,2024-05-07,IT
10795,1360,Office Supplies,120.39,2024-05-08,GB
11602,1019,Office Supplies,55.5,2024-05-09,PL
11989,1395,Toys,121.65,2024-05-09,FR
11028,1145,Toys,94.62,2024-05-10,JP
11196,1184,Sports,100.83,2024-05-10,IN
11520,1041,Food & Beverages,33.54,2024-05-10,IT
10506,1355,Clothing,186.67,2024-05-11,ES
11704,1338,Clothing,30.36,2024-05-11,US
10254,1032,Beauty,136.54,2024-05-13,GB
10860,1257,Beauty,157.48,2024-05-13,BR
11155,1024,Home & Garden,426.75,2024-05-13,NL
11771,1061,Clothing,222.44,2024-05-13,BG
10436,1010,Home & Garden,150.11,2024-05-14,GR
10389,1011,Electronics,974.49,2024-05-15,JP
11000,1421,Office Supplies,104.09,2024-05-15,AT
11212,1375,Beauty,190.59,2024-05-15,NL
11478,1253,Toys,132.91,2024-05-15,BG
10190,1071,Beauty,157.41,2024-05-16,BG
10510,1497,Sports,194.82,2024-05-16,RO
11450,1211,Toys,73.21,2024-05-16,GR
11687,1169,Electronics,1832.34,2024-05-16,BR
10013,1212,Beauty,116.77,2024-05-17,DE
11367,1453,Clothing,130.5,2024-05-17,FR
10087,1254,Home & Garden,285.56,2024-05-18,IT
10751,1479,Sports,230.7,2024-05-18,FR
10572,1243,Clothing,140.36,2024-05-19,BG
10757,1156,Electronics,50.18,2024-05-19,JP
11060,1337,Beauty,195.3,2024-05-19,GB
11446,1323,Food & Beverages,80.15,2024-05-19,BR
11851,1129,Books,59.06,2024-05-19,BG
11914,1311,Food & Beverages,11.83,2024-05-19,AT
10460,1049,Electronics,68.86,2024-05-21,BG
11216,1013,Food & Beverages,49.06,2024-05-21,BG
10100,1420,Beauty,138.52,2024-05-22,IN
10155,1324,Beauty,43.2,2024-05-22,GR
10619,1455,Electronics,1028.58,2024-05-22,BG
11042,1339,Electronics,226.54,2024-05-22,DE
11313,1179,Sports,284.14,2024-05-22,BG
11810,1437,Office Supplies,12.27,2024-05-22,US
10063,1347,Office Supplies,55.11,2024-05-23,BG
10268,1128,Books,41.27,2024-05-23,RO
10595,1042,Sports,347.02,2024-05-23,IN
10605,1351,Clothing,192.94,2024-05-23,US
10314,1114,Books,75.44,2024-05-24,NL
11153,1120,Books,10.66,2024-05-24,JP
11899,1489,Home & Garden,50.22,2024-05-24,BG
10249,1215,Food & Beverages,96.31,2024-05-25,NL
10929,1471,Electronics,1395.41,2024-05-25,IT
11760,1184,Electronics,1131.65,2024-05-25,IN
10003,1420,Toys,43.17,2024-05-26,IN
11833,1235,Sports,100.64,2024-05-26,BG
10364,1020,Clothing,79.72,2024-05-27,US
11624,1375,Beauty,166.88,2024-05-27,NL
10732,1315,Sports,198.91,2024-05-28,IN
10942,1442,Clothing,53.1,2024-05-28,RO
11193,1249,Electronics,1786.45,2024-05-28,GB
11428,1127,Sports,354.79,2024-05-28,IN
10776,1357,Electronics,693.98,2024-05-29,IT
10903,1273,Books,21.26,2024-05-29,BR
11597,1461,Office Supplies,94.68,2024-05-30,RO
11486,1285,Food & Beverages,10.06,2024-06-01,ES
10040,1071,Home & Garden,59.42,2024-06-03,BG
10343,1116,Sports,236.59,2024-06-03,GR
10417,1272,Sports,179.92,2024-06-03,BR
10773,1373,Electronics,503.98,2024-06-03,BG
11087,1310,Clothing,228.88,2024-06-03,BG
11485,1162,Food & Beverages,77.55,2024-06-03,BG
10770,1252,Home & Garden,205.97,2024-06-04,BG
10212,1043,Office Supplies,84.35,2024-06-05,BG
10588,1169,Sports,285.05,2024-06-05,BR
11544,1012,Books,19.96,2024-06-05,FR
11911,1389,Sports,248.19,2024-06-05,ES
10334,1293,Office Supplies,127.26,2024-06-06,DE
10794,1031,Electronics,743.26,2024-06-06,DE
11091,1496,Clothing,154.95,2024-06-06,DE
11287,1115,Electronics,1592.88,2024-06-06,ES
11815,1291,Electronics,1848.18,2024-06-06,US
11858,1391,Electronics,1370.9,2024-06-06,GR
10791,1298,Food & Beverages,70.4,2024-06-07,BG
11308,1175,Clothing,39.07,2024-06-07,BG
10214,1472,Home & Garden,585.1,2024-06-08,GR
10756,1158,Toys,67.71,2024-06-08,US
10479,1457,Electronics,72.71,2024-06-09,DE
10888,1157,Toys,78.59,2024-06-09,GB
11370,1277,Food & Beverages,50.21,2024-06-09,ES
11578,1446,Home & Garden,548.37,2024-06-09,ES
10176,1009,Books,74.92,2024-06-10,US
10306,1155,Toys,29.1,2024-06-10,IN
10783,1493,Sports,376.08,2024-06-11,DE
11567,1452,Sports,158.89,2024-06-11,US
10467,1372,Electronics,1964.06,2024-06-12,US
10543,1267,Books,64.61,2024-06-12,BG
10939,1373,Office Supplies,94.91,2024-06-12,BG
10521,1344,Electronics,439.81,2024-06-13,AT
11437,1153,Home & Garden,518.46,2024-06-13,NL
11214,1009,Food & Beverages,68.56,2024-06-14,US
11561,1335,Toys,121.44,2024-06-14,GB
11258,1076,Toys,72.78,2024-06-15,DE
11507,1046,Electronics,1712.07,2024-06-15,IN
10723,1025,Beauty,30.61,2024-06-16,DE
10119,1332,Books,56.75,2024-06-17,BR
10496,1360,Books,11.3,2024-06-17,GB
11484,1265,Toys,71.01,2024-06-17,BG
10480,1259,Food & Beverages,85.93,2024-06-18,FR
10989,1174,Beauty,129.78,2024-06-18,BG
10320,1198,Food & Beverages,74.6,2024-06-19,IT
10828,1341,Beauty,177.97,2024-06-19,BR
11251,1076,Toys,49.81,2024-06-19,DE
11946,1226,Books,70.52,2024-06-19,IN
10788,1325,Beauty,73.01,2024-06-20,AT
11302,1094,Books,51.11,2024-06-20,FR
10422,1232,Sports,103.52,2024-06-21,NL
11346,1206,Books,61.38,2024-06-21,JP
11492,1105,Sports,92.75,2024-06-21,IT
11672,1105,Clothing,102.73,2024-06-21,IT
11938,1358,Sports,27.41,2024-06-21,RO
10437,1109,Electronics,1199.9,2024-06-22,BG
10867,1305,Electronics,1550.88,2024-06-22,RO
11380,1445,Sports,67.93,2024-06-22,GR
10325,1134,Books,13.34,2024-06-23,FR
10407,1465,Toys,81.02,2024-06-23,AT
10632,1230,Food & Beverages,87.39,2024-06-23,GB
10748,1227,Clothing,45.85,2024-06-23,ES
10940,1194,Office Supplies,62.05,2024-06-23,GR
11027,1058,Toys,77.01,2024-06-23,FR
11157,1421,Books,40.85,2024-06-23,AT
11013,1412,Sports,240.28,2024-06-24,GR
11198,1437,Food & Beverages,48.56,2024-06-24,US
10206,1216,Toys,86.49,2024-06-25,GB
11900,1481,Home & Garden,92.83,2024-06-26,IN
11088,1338,Food & Beverages,40.13,2024-06-28,US
11838,1178,Sports,171.66,2024-06-28,IT
10092,1486,Home & Garden,297.83,2024-06-30,GB
10382,1191,Food & Beverages,61.43,2024-06-30,US
10505,1474,Office Supplies,118.91,2024-06-30,IT
10562,1020,Books,13.27,2024-07-01,US
10692,1384,Toys,20.64,2024-07-01,BG
10955,1026,Books,38.02,2024-07-01,BG
10046,1346,Beauty,163.56,2024-07-02,JP
10825,1337,Home & Garden,350.62,2024-07-02,GB
11238,1045,Books,36.13,2024-07-02,NL
10419,1458,Food & Beverages,18.61,2024-07-03,NL
10715,1187,Beauty,64.57,2024-07-03,NL
10969,1267,Food & Beverages,51.79,2024-07-03,BG
11654,1252,Electronics,712.92,2024-07-03,BG
10581,1428,Sports,97.87,2024-07-04,GB
10944,1374,Food & Beverages,32.43,2024-07-04,PL
11942,1096,Clothing,61.53,2024-07-05,RO
11657,1278,Clothing,82.06,2024-07-06,BG
11944,1096,Home & Garden,54.21,2024-07-06,RO
10542,1163,Office Supplies,39.23,2024-07-07,DE
10739,1495,Food & Beverages,44.33,2024-07-07,PL
11445,1391,Electronics,1300.68,2024-07-07,GR
11758,1414,Beauty,50.6,2024-07-07,US
10122,1119,Beauty,130.39,2024-07-09,FR
10621,1330,Sports,104.32,2024-07-10,ES
10801,1357,Food & Beverages,23.03,2024-07-10,IT
10018,1309,Electronics,1753.56,2024-07-11,GB
10498,1055,Sports,254.07,2024-07-11,BG
10906,1478,Sports,81.98,2024-07-11,US
11055,1109,Clothing,126.59,2024-07-11,BG
11539,1418,Electronics,1407.26,2024-07-11,BG
11808,1175,Books,30.54,2024-07-11,BG
10649,1146,Office Supplies,66.03,2024-07-12,ES
11931,1499,Books,45.33,2024-07-12,BG
11915,1367,Food & Beverages,23.59,2024-07-13,DE
11987,1160,Electronics,1200.62,2024-07-13,FR
10016,1048,Office Supplies,110.89,2024-07-14,RO
10499,1062,Beauty,52.53,2024-07-14,BG
11461,1061,Home & Garden,433.87,2024-07-14,BG
11328,1051,Electronics,1081.24,2024-07-15,RO
11556,1011,Clothing,82.68,2024-07-15,JP
10352,1089,Clothing,243.46,2024-07-16,BG
10913,1252,Food & Beverages,18.06,2024-07-16,BG
11145,1225,Home & Garden,101.17,2024-07-16,JP
11694,1005,Books,41.31,2024-07-16,JP
10532,1379,Home & Garden,470.17,2024-07-17,GR
10970,1453,Home & Garden,430.98,2024-07-17,FR
10979,1316,Electronics,1672.48,2024-07-17,US
11180,1338,Home & Garden,180.33,2024-07-17,US
11703,1257,Food & Beverages,21.2,2024-07-17,BR
11739,1305,Books,50.69,2024-07-17,RO
10415,1299,Books,42.0,2024-07-18,DE
11268,1168,Electronics,1235.89,2024-07-18,IT
11715,1230,Toys,10.72,2024-07-18,GB
10031,1479,Beauty,67.5,2024-07-19,FR
10242,1498,Food & Beverages,99.79,2024-07-19,BG
10718,1285,Beauty,172.99,2024-07-19,ES
10862,1250,Beauty,134.62,2024-07-19,JP
11765,1434,Office Supplies,42.93,2024-07-19,BR
11718,1491,Books,74.02,2024-07-20,PL
10861,1391,Clothing,128.02,2024-07-21,GR
10885,1444,Office Supplies,20.5,2024-07-22,NL
11456,1118,Books,78.14,2024-07-22,DE
10096,1187,Books,75.11,2024-07-23,NL
10282,1144,Beauty,37.8,2024-07-23,DE
10695,1477,Home & Garden,309.42,2024-07-23,DE
11563,1342,Food & Beverages,17.26,2024-07-23,JP
10377,1451,Electronics,388.79,2024-07-24,DE
10513,1378,Office Supplies,97.83,2024-07-24,GB
11124,1092,Food & Beverages,11.59,2024-07-24,RO
11360,1393,Food & Beverages,80.31,2024-07-25,JP
11546,1011,Food & Beverages,60.6,2024-07-25,JP
11581,1172,Clothing,43.9,2024-07-25,FR
11905,1147,Food & Beverages,96.93,2024-07-25,ES
11785,1472,Electronics,454.04,2024-07-26,GR
11227,1361,Books,48.37,2024-07-28,IN
11240,1058,Clothing,131.64,2024-07-28,FR
11817,1468,Beauty,196.27,2024-07-28,IN
11901,1304,Office Supplies,126.03,2024-07-28,IN
10125,1200,Electronics,1424.23,2024-07-29,ES
10330,1081,Electronics,247.45,2024-07-29,FR
10443,1130,Food & Beverages,71.68,2024-07-29,GR
10651,1267,Electronics,781.31,2024-07-29,BG
11598,1359,Beauty,95.88,2024-07-29,BR
11829,1200,Home & Garden,95.36,2024-07-29,ES
10696,1121,Home & Garden,526.19,2024-07-30,RO
10897,1169,Food & Beverages,56.51,2024-07-30,BR
11463,1196,Clothing,116.36,2024-07-30,BG
10951,1143,Office Supplies,124.46,2024-07-31,BG
10972,1408,Books,61.1,2024-07-31,BG
11847,1210,Food & Beverages,20.66,2024-07-31,BG
10019,1412,Office Supplies,38.82,2024-08-01,GR
10817,1311,Books,8.94,2024-08-01,AT
10986,1162,Office Supplies,84.1,2024-08-01,BG
10098,1014,Food & Beverages,94.58,2024-08-02,ES
11006,1012,Sports,264.57,2024-08-02,FR
11317,1073,Home & Garden,198.31,2024-08-02,FR
11394,1411,Office Supplies,75.49,2024-08-02,GB
11565,1483,Food & Beverages,33.85,2024-08-02,FR
10557,1274,Electronics,1272.52,2024-08-03,JP
11998,1031,Toys,31.38,2024-08-03,DE
10372,1310,Books,21.53,2024-08-04,BG
10974,1180,Office Supplies,122.46,2024-08-05,IN
11874,1206,Toys,11.68,2024-08-05,JP
11943,1258,Books,40.45,2024-08-05,DE
10192,1005,Clothing,118.42,2024-08-06,JP
11162,1295,Office Supplies,27.5,2024-08-06,ES
11400,1442,Clothing,150.56,2024-08-06,RO
11756,1115,Home & Garden,290.59,2024-08-06,ES
11872,1481,Beauty,34.71,2024-08-06,IN
10277,1350,Beauty,44.49,2024-08-07,AT
10386,1026,Clothing,215.65,2024-08-07,BG
10838,1004,Sports,394.15,2024-08-07,BR
10208,1009,Books,8.99,2024-08-08,US
11996,1294,Food & Beverages,64.95,2024-08-08,GR
10631,1421,Sports,380.22,2024-08-09,AT
10822,1428,Sports,54.23,2024-08-09,GB
10844,1048,Beauty,118.98,2024-08-10,RO
10393,1437,Toys,74.26,2024-08-11,US
10546,1170,Toys,60.51,2024-08-11,GR
11876,1333,Toys,16.15,2024-08-11,US
10287,1093,Electronics,671.81,2024-08-12,BR
10298,1047,Electronics,503.62,2024-08-12,FR
11763,1102,Home & Garden,184.78,2024-08-12,RO
10029,1161,Beauty,20.59,2024-08-14,GB
10590,1087,Electronics,660.77,2024-08-14,US
10816,1320,Sports,43.41,2024-08-14,GB
11698,1321,Sports,328.16,2024-08-14,BR
10269,1063,Electronics,170.25,2024-08-15,BG
10915,1474,Sports,381.32,2024-08-15,IT
11205,1127,Toys,70.79,2024-08-15,IN
10411,1336,Books,24.0,2024-08-16,FR
10482,1497,Sports,43.88,2024-08-16,RO
10601,1242,Clothing,100.97,2024-08-16,PL
11023,1330,Food & Beverages,49.7,2024-08-17,ES
11713,1389,Electronics,1773.41,2024-08-17,ES
11230,1447,Home & Garden,456.84,2024-08-18,JP
10050,1236,Home & Garden,594.34,2024-08-19,IN
10850,1214,Books,70.62,2024-08-20,BG
11569,1173,Beauty,33.43,2024-08-20,IT
10369,1440,Books,78.02,2024-08-21,IT
11805,1390,Clothing,218.38,2024-08-21,NL
10187,1356,Clothing,127.26,2024-08-22,BR
10056,1459,Office Supplies,138.52,2024-08-23,US
10688,1325,Home & Garden,412.61,2024-08-23,AT
11789,1152,Food & Beverages,54.29,2024-08-23,RO
10823,1492,Office Supplies,21.79,2024-08-24,US
11354,1063,Sports,208.5,2024-08-24,BG
10250,1365,Sports,59.88,2024-08-25,IT
10289,1272,Toys,117.36,2024-08-26,BR
11824,1467,Beauty,65.36,2024-08-26,ES
10609,1119,Books,27.03,2024-08-27,FR
11612,1413,Office Supplies,127.92,2024-08-27,GR
10483,1282,Beauty,87.82,2024-08-28,BR
10740,1438,Electronics,293.83,2024-08-28,BG
11052,1057,Sports,349.63,2024-08-28,JP
11187,1264,Books,13.1,2024-08-28,BG
11472,1031,Electronics,699.08,2024-08-28,DE
10348,1352,Food & Beverages,59.41,2024-08-29,US
10717,1118,Books,59.9,2024-08-29,DE
10787,1443,Home & Garden,584.5,2024-08-29,DE
11035,1291,Toys,86.23,2024-08-29,US
11176,1179,Beauty,12.86,2024-08-29,BG
11422,1169,Beauty,163.5,2024-08-29,BR
11436,1475,Sports,137.83,2024-08-29,GB
11611,1378,Electronics,933.64,2024-08-29,GB
10153,1225,Books,63.85,2024-08-30,JP
11066,1310,Electronics,1176.98,2024-08-30,BG
10248,1054,Home & Garden,327.29,2024-08-31,RO
10133,1044,Clothing,88.6,2024-09-01,US
10807,1318,Toys,118.64,2024-09-01,BG
11172,1139,Office Supplies,71.96,2024-09-01,FR
10023,1310,Home & Garden,250.05,2024-09-02,BG
10202,1331,Electronics,1578.41,2024-09-02,DE
11768,1174,Home & Garden,196.94,2024-09-02,BG
11955,1190,Toys,149.92,2024-09-02,BG
10047,1055,Books,45.76,2024-09-03,BG
11210,1421,Books,40.58,2024-09-03,AT
10381,1473,Books,57.04,2024-09-04,IN
11106,1201,Food & Beverages,78.45,2024-09-04,IT
10081,1372,Office Supplies,136.54,2024-09-05,US
10094,1377,Food & Beverages,96.94,2024-09-05,GB
11924,1198,Beauty,150.3,2024-09-05,IT
11886,1159,Home & Garden,447.99,2024-09-06,FR
11903,1160,Clothing,184.59,2024-09-07,FR
10032,1169,Home & Garden,240.31,2024-09-08,BR
10243,1376,Office Supplies,115.99,2024-09-08,RO
10923,1234,Electronics,1761.67,2024-09-08,ES
10918,1353,Toys,131.35,2024-09-09,NL
11204,1143,Electronics,1473.53,2024-09-09,BG
11722,1479,Toys,127.67,2024-09-10,FR
10233,1284,Beauty,54.21,2024-09-11,BG
10476,1359,Books,39.17,2024-09-11,BR
11448,1161,Books,15.98,2024-09-12,GB
11864,1396,Beauty,156.22,2024-09-12,US
10778,1279,Food & Beverages,22.25,2024-09-13,US
11397,1161,Home & Garden,260.3,2024-09-14,GB
10653,1080,Beauty,134.5,2024-09-16,GB
11321,1263,Electronics,964.71,2024-09-16,IN
10647,1180,Books,38.64,2024-09-17,IN
10975,1006,Home & Garden,420.21,2024-09-17,ES
11505,1281,Beauty,29.4,2024-09-18,US
11921,1084,Home & Garden,462.51,2024-09-18,DE
11407,1137,Sports,267.27,2024-09-19,DE
11740,1464,Clothing,164.78,2024-09-19,GB
10384,1177,Clothing,211.85,2024-09-21,IN
10628,1021,Clothing,28.14,2024-09-21,GR
11293,1298,Food & Beverages,58.73,2024-09-21,BG
11570,1062,Office Supplies,39.82,2024-09-21,BG
10222,1268,Office Supplies,119.18,2024-09-22,BG
10271,1352,Books,49.93,2024-09-22,US
10403,1336,Food & Beverages,99.76,2024-09-22,FR
11127,1112,Books,73.71,2024-09-22,AT
11608,1375,Electronics,1691.09,2024-09-22,NL
10399,1328,Toys,130.61,2024-09-24,BR
11361,1151,Food & Beverages,51.57,2024-09-24,BG
11466,1406,Clothing,21.76,2024-09-25,GB
10342,1023,Sports,189.9,2024-09-26,PL
10448,1255,Home & Garden,373.22,2024-09-26,US
10613,1325,Sports,338.08,2024-09-26,AT
10665,1475,Beauty,28.57,2024-09-26,GB
10690,1265,Office Supplies,9.38,2024-09-26,BG
10711,1442,Sports,95.18,2024-09-26,RO
10804,1080,Food & Beverages,33.09,2024-09-26,GB
10362,1451,Toys,132.91,2024-09-27,DE
11483,1463,Sports,254.85,2024-09-27,BG
10317,1328,Toys,72.53,2024-09-28,BR
10339,1242,Food & Beverages,90.01,2024-09-28,PL
11123,1031,Sports,383.35,2024-09-28,DE
11530,1388,Food & Beverages,64.26,2024-09-28,NL
11131,1001,Electronics,1345.98,2024-09-29,IT
11104,1313,Sports,150.61,2024-09-30,FR
10083,1087,Clothing,78.2,2024-10-01,US
10223,1086,Toys,27.77,2024-10-02,BG
11500,1236,Food & Beverages,48.14,2024-10-02,IN
11936,1398,Toys,123.99,2024-10-02,GB
10286,1177,Office Supplies,53.67,2024-10-03,IN
11298,1070,Toys,32.86,2024-10-06,AT
11411,1217,Electronics,443.88,2024-10-06,BG
10379,1026,Toys,108.65,2024-10-07,BG
11009,1061,Sports,81.0,2024-10-07,BG
11706,1439,Home & Garden,530.98,2024-10-07,IN
10145,1408,Home & Garden,189.41,2024-10-08,BG
11085,1130,Clothing,159.71,2024-10-08,GR
10674,1001,Clothing,35.41,2024-10-09,IT
11239,1148,Books,15.87,2024-10-09,BR
10398,1247,Books,32.21,2024-10-10,BG
10678,1469,Toys,58.65,2024-10-10,AT
11007,1165,Home & Garden,131.68,2024-10-10,DE
11119,1480,Books,53.99,2024-10-10,GR
11291,1331,Home & Garden,36.5,2024-10-10,DE
11796,1263,Office Supplies,99.4,2024-10-10,IN
10166,1325,Books,37.01,2024-10-11,AT
11084,1065,Office Supplies,18.91,2024-10-11,DE
11269,1299,Office Supplies,39.54,2024-10-11,DE
11325,1015,Books,18.48,2024-10-11,US
11412,1070,Electronics,553.87,2024-10-11,AT
10535,1062,Beauty,19.64,2024-10-12,BG
11854,1487,Food & Beverages,18.32,2024-10-12,FR
11875,1235,Home & Garden,58.29,2024-10-12,BG
10892,1456,Electronics,1891.07,2024-10-13,BG
11071,1073,Office Supplies,147.67,2024-10-13,FR
11596,1466,Toys,11.11,2024-10-13,US
11481,1066,Food & Beverages,87.81,2024-10-14,BG
11975,1083,Toys,136.37,2024-10-14,DE
10332,1370,Office Supplies,45.67,2024-10-15,US
10552,1198,Sports,227.59,2024-10-16,IT
10810,1255,Office Supplies,29.89,2024-10-16,US
11464,1308,Home & Garden,597.22,2024-10-16,RO
11482,1383,Toys,139.67,2024-10-16,IT
10747,1159,Home & Garden,163.49,2024-10-17,FR
11111,1229,Toys,40.72,2024-10-17,IN
10729,1102,Office Supplies,32.78,2024-10-18,RO
11275,1190,Beauty,82.09,2024-10-18,BG
10927,1204,Sports,315.13,2024-10-19,GB
11252,1317,Clothing,182.28,2024-10-19,GR
10871,1125,Clothing,219.16,2024-10-21,PL
11289,1242,Books,55.07,2024-10-21,PL
11278,1380,Beauty,163.09,2024-10-22,BR
11892,1267,Beauty,133.83,2024-10-22,BG
10001,1387,Electronics,323.26,2024-10-23,ES
11140,1042,Food & Beverages,77.24,2024-10-23,IN
11630,1057,Books,34.61,2024-10-23,JP
10458,1417,Clothing,220.42,2024-10-24,BG
10093,1494,Beauty,194.12,2024-10-25,GB
11082,1087,Electronics,1329.82,2024-10-25,US
10760,1154,Electronics,1543.44,2024-10-26,GB
11967,1338,Books,60.87,2024-10-27,US
11078,1216,Toys,144.48,2024-10-28,GB
11775,1301,Home & Garden,515.57,2024-10-28,DE
10070,1195,Books,63.6,2024-10-29,DE
10201,1261,Home & Garden,453.75,2024-10-29,JP
11199,1390,Toys,40.78,2024-10-29,NL
11991,1276,Food & Beverages,35.01,2024-10-30,RO
11390,1110,Sports,124.43,2024-10-31,DE
11415,1441,Books,30.6,2024-11-01,BG
11660,1093,Electronics,1440.94,2024-11-01,BR
10061,1421,Beauty,186.63,2024-11-02,AT
10189,1053,Toys,61.46,2024-11-02,JP
10265,1203,Office Supplies,14.95,2024-11-02,ES
11142,1496,Beauty,136.22,2024-11-02,DE
11387,1416,Toys,33.33,2024-11-02,JP
10004,1339,Office Supplies,39.39,2024-11-03,DE
10009,1357,Beauty,88.75,2024-11-03,IT
10843,1456,Home & Garden,155.14,2024-11-03,BG
10847,1360,Books,50.86,2024-11-03,GB
11175,1487,Books,53.16,2024-11-04,FR
11542,1440,Office Supplies,35.11,2024-11-04,IT
10178,1104,Clothing,222.3,2024-11-05,BG
10837,1146,Electronics,1059.34,2024-11-05,ES
10993,1255,Home & Garden,235.52,2024-11-05,US
11030,1167,Office Supplies,100.22,2024-11-05,BG
11285,1149,Office Supplies,77.66,2024-11-05,US
11395,1178,Books,54.91,2024-11-05,IT
11137,1479,Toys,56.68,2024-11-06,FR
11280,1072,Books,18.34,2024-11-06,JP
11366,1017,Clothing,145.82,2024-11-06,GR
11904,1218,Clothing,157.38,2024-11-06,GB
10240,1189,Home & Garden,189.13,2024-11-07,NL
11315,1268,Toys,34.11,2024-11-07,BG
11606,1304,Sports,115.5,2024-11-07,IN
11820,1493,Food & Beverages,65.71,2024-11-07,DE
10181,1085,Electronics,822.87,2024-11-08,IT
10391,1115,Sports,253.13,2024-11-08,ES
11447,1002,Beauty,49.61,2024-11-08,JP
11634,1216,Electronics,1876.8,2024-11-08,GB
11248,1235,Sports,237.72,2024-11-09,BG
11786,1232,Home & Garden,249.62,2024-11-09,NL
10247,1389,Beauty,171.61,2024-11-10,ES
11156,1008,Clothing,163.68,2024-11-10,US
10025,1239,Office Supplies,100.12,2024-11-11,AT
11429,1186,Food & Beverages,72.99,2024-11-11,DE
11862,1460,Books,36.12,2024-11-11,IN
11918,1497,Toys,63.77,2024-11-11,RO
10899,1410,Home & Garden,520.3,2024-11-12,RO
10943,1092,Electronics,868.18,2024-11-12,RO
11432,1123,Sports,232.27,2024-11-12,PL
11745,1398,Clothing,49.64,2024-11-12,GB
11994,1435,Electronics,1217.82,2024-11-12,GB
11409,1077,Home & Garden,36.07,2024-11-13,RO
11831,1244,Clothing,156.87,2024-11-13,US
10238,1444,Sports,315.07,2024-11-14,NL
11002,1443,Office Supplies,24.45,2024-11-14,DE
11005,1053,Office Supplies,116.8,2024-11-15,JP
11018,1306,Food & Beverages,63.55,2024-11-15,US
11339,1146,Food & Beverages,62.04,2024-11-15,ES
11378,1126,Home & Garden,156.08,2024-11-15,GR
11421,1122,Books,63.67,2024-11-16,PL
11985,1294,Toys,27.84,2024-11-16,GR
10735,1041,Clothing,95.75,2024-11-17,IT
11595,1206,Office Supplies,132.04,2024-11-17,JP
10059,1337,Electronics,399.74,2024-11-18,GB
10255,1122,Sports,122.87,2024-11-18,PL
10991,1443,Sports,289.47,2024-11-18,DE
11364,1221,Books,35.62,2024-11-18,DE
11590,1484,Books,14.1,2024-11-18,GR
11552,1271,Electronics,872.91,2024-11-19,DE
10966,1310,Sports,185.15,2024-11-20,BG
11655,1213,Electronics,1726.31,2024-11-20,NL
11792,1210,Toys,122.63,2024-11-20,BG
11665,1198,Books,27.39,2024-11-21,IT
10008,1483,Beauty,159.73,2024-11-22,FR
10324,1410,Electronics,625.07,2024-11-22,RO
10315,1170,Books,25.14,2024-11-23,GR
11988,1434,Beauty,196.21,2024-11-23,BR
11685,1232,Sports,117.22,2024-11-25,NL
11963,1097,Electronics,1973.05,2024-11-25,US
10538,1364,Clothing,24.39,2024-11-26,ES
11710,1329,Electronics,1715.03,2024-11-26,US
10301,1368,Clothing,230.91,2024-11-27,DE
10932,1280,Clothing,107.37,2024-11-27,JP
11025,1094,Toys,120.43,2024-11-28,FR
10749,1015,Electronics,1343.92,2024-11-29,US
11188,1370,Food & Beverages,61.31,2024-11-29,US
11189,1215,Home & Garden,453.31,2024-11-29,NL
11641,1230,Clothing,218.59,2024-11-29,GB
11659,1348,Clothing,28.84,2024-11-29,DE
11846,1040,Books,44.32,2024-11-29,US
11964,1009,Toys,132.28,2024-11-29,US
10066,1175,Beauty,194.16,2024-11-30,BG
10256,1475,Beauty,143.74,2024-11-30,GB
10853,1164,Office Supplies,88.22,2024-11-30,GB
11826,1189,Office Supplies,9.57,2024-11-30,NL
10263,1156,Electronics,469.29,2024-12-01,JP
11451,1134,Clothing,176.55,2024-12-01,FR
11496,1127,Food & Beverages,69.31,2024-12-02,IN
11737,1401,Electronics,935.45,2024-12-02,AT
11890,1485,Food & Beverages,75.23,2024-12-02,IN
10089,1431,Beauty,163.17,2024-12-03,FR
10014,1199,Home & Garden,167.9,2024-12-04,DE
10481,1039,Food & Beverages,35.46,2024-12-04,JP
10623,1339,Home & Garden,260.48,2024-12-04,DE
11957,1313,Electronics,1951.84,2024-12-04,FR
10108,1347,Beauty,193.76,2024-12-05,BG
10299,1011,Office Supplies,75.87,2024-12-05,JP
10365,1317,Beauty,19.29,2024-12-05,GR
10412,1382,Sports,182.68,2024-12-05,DE
10561,1383,Clothing,20.58,2024-12-05,IT
10873,1157,Food & Beverages,49.76,2024-12-05,GB
11077,1464,Food & Beverages,59.53,2024-12-05,GB
11757,1123,Food & Beverages,74.79,2024-12-05,PL
11893,1385,Electronics,496.57,2024-12-05,US
10088,1156,Electronics,1900.21,2024-12-06,JP
11122,1142,Electronics,796.46,2024-12-06,AT
10973,1410,Beauty,89.84,2024-12-07,RO
11798,1185,Electronics,1114.75,2024-12-07,BG
10725,1430,Books,40.39,2024-12-08,US
10410,1391,Clothing,237.53,2024-12-09,GR
11163,1392,Electronics,1206.52,2024-12-09,US
10305,1361,Beauty,122.17,2024-12-10,IN
10857,1149,Beauty,39.83,2024-12-10,US
11954,1388,Toys,94.61,2024-12-10,NL
10172,1138,Toys,125.97,2024-12-11,BG
10733,1445,Clothing,165.54,2024-12-11,GR
11866,1216,Electronics,1979.12,2024-12-11,GB
11014,1037,Sports,254.97,2024-12-12,JP
11347,1034,Toys,146.53,2024-12-12,US
11764,1454,Sports,294.56,2024-12-13,ES
10300,1470,Home & Garden,487.74,2024-12-14,BG
10997,1464,Office Supplies,29.88,2024-12-14,GB
11139,1047,Toys,84.85,2024-12-14,FR
11604,1262,Office Supplies,52.34,2024-12-14,BG
11723,1056,Food & Beverages,27.64,2024-12-14,ES
11983,1149,Books,16.02,2024-12-14,US
11750,1466,Home & Garden,475.45,2024-12-15,US
10635,1136,Clothing,185.18,2024-12-16,FR
11683,1491,Toys,133.75,2024-12-16,PL
10114,1060,Clothing,96.86,2024-12-17,AT
10118,1415,Books,9.63,2024-12-17,PL
10509,1215,Home & Garden,178.69,2024-12-17,NL
11075,1409,Sports,254.89,2024-12-17,IN
11245,1331,Toys,67.64,2024-12-17,DE
10007,1285,Food & Beverages,9.45,2024-12-18,ES
10344,1386,Books,14.17,2024-12-18,DE
10429,1376,Home & Garden,151.23,2024-12-18,RO
10578,1157,Home & Garden,454.01,2024-12-18,GB
10866,1188,Toys,36.67,2024-12-18,BG
11047,1156,Beauty,146.94,2024-12-18,JP
11257,1363,Electronics,1347.83,2024-12-18,NL
11094,1372,Clothing,64.55,2024-12-19,US
11376,1175,Beauty,30.3,2024-12-19,BG
10064,1405,Books,44.06,2024-12-20,ES
10548,1422,Electronics,273.71,2024-12-20,BG
11802,1395,Sports,130.69,2024-12-20,FR
10221,1071,Electronics,369.47,2024-12-21,BG
10706,1245,Office Supplies,12.62,2024-12-21,US
10115,1234,Home & Garden,322.25,2024-12-22,ES
10318,1108,Home & Garden,422.04,2024-12-24,PL
10383,1492,Food & Beverages,60.75,2024-12-24,US
11011,1264,Books,22.87,2024-12-24,BG
11324,1106,Home & Garden,127.17,2024-12-25,BG
10035,1495,Food & Beverages,48.78,2024-12-26,PL
10516,1327,Toys,109.45,2024-12-26,US
10617,1499,Home & Garden,319.5,2024-12-27,BG
10689,1410,Toys,67.74,2024-12-27,RO
11372,1303,Beauty,127.98,2024-12-27,RO
10048,1099,Office Supplies,43.84,2024-12-28,GB
10987,1296,Toys,121.93,2024-12-28,RO
10106,1056,Home & Garden,401.41,2024-12-29,ES
10494,1050,Home & Garden,21.27,2024-12-29,IT
10889,1010,Toys,105.8,2024-12-29,GR
10264,1076,Books,59.2,2024-12-30,DE
11299,1185,Beauty,131.61,2024-12-30,BG
11489,1060,Food & Beverages,8.88,2024-12-31,AT
10449,1426,Office Supplies,146.18,2025-01-01,PL
11051,1361,Office Supplies,124.55,2025-01-02,IN
11566,1286,Electronics,1998.56,2025-01-02,BR
11794,1120,Sports,267.01,2025-01-02,JP
10104,1260,Beauty,114.21,2025-01-03,DE
10591,1365,Beauty,64.02,2025-01-03,IT
11056,1285,Beauty,170.55,2025-01-03,ES
11906,1140,Food & Beverages,12.6,2025-01-03,GB
10179,1082,Sports,60.0,2025-01-04,JP
10610,1022,Home & Garden,320.37,2025-01-04,JP
11273,1262,Electronics,1821.47,2025-01-04,BG
11336,1267,Clothing,131.52,2025-01-04,BG
11616,1299,Home & Garden,497.25,2025-01-04,DE
11292,1253,Books,51.12,2025-01-05,BG
11925,1245,Electronics,1846.86,2025-01-05,US
10490,1106,Food & Beverages,95.28,2025-01-07,BG
11580,1256,Books,19.11,2025-01-07,BG
10654,1134,Office Supplies,68.15,2025-01-09,FR
10842,1183,Clothing,47.53,2025-01-10,BR
11374,1303,Electronics,299.99,2025-01-10,RO
11342,1459,Food & Beverages,94.21,2025-01-11,US
11458,1220,Sports,80.97,2025-01-11,IT
11511,1068,Toys,103.17,2025-01-11,US
11845,1391,Office Supplies,25.21,2025-01-12,GR
11467,1121,Food & Beverages,91.2,2025-01-13,RO
11628,1383,Clothing,236.86,2025-01-13,IT
10015,1332,Books,74.4,2025-01-14,BR
10028,1390,Toys,138.01,2025-01-14,NL
10340,1047,Office Supplies,63.03,2025-01-14,FR
10644,1333,Beauty,110.14,2025-01-14,US
11217,1448,Beauty,46.77,2025-01-14,FR
10701,1491,Electronics,1703.62,2025-01-15,PL
11249,1088,Sports,110.04,2025-01-15,BG
11631,1021,Office Supplies,29.77,2025-01-15,GR
10251,1460,Office Supplies,66.65,2025-01-16,IN
10270,1067,Home & Garden,497.73,2025-01-16,JP
10714,1108,Beauty,143.73,2025-01-16,PL
10041,1005,Home & Garden,313.33,2025-01-17,JP
10304,1441,Toys,144.48,2025-01-17,BG
10495,1425,Sports,230.38,2025-01-17,RO
10869,1023,Home & Garden,135.82,2025-01-17,PL
11194,1111,Food & Beverages,21.92,2025-01-17,IT
11782,1238,Clothing,90.63,2025-01-17,FR
10553,1013,Office Supplies,124.74,2025-01-18,BG
11787,1218,Beauty,119.42,2025-01-18,GB
11887,1318,Books,12.31,2025-01-18,BG
11916,1003,Electronics,1730.23,2025-01-18,BG
11941,1148,Beauty,44.08,2025-01-18,BR
10068,1252,Home & Garden,226.37,2025-01-19,BG
11191,1122,Beauty,175.54,2025-01-19,PL
11888,1256,Sports,100.75,2025-01-19,BG
10392,1365,Sports,183.93,2025-01-20,IT
10614,1297,Office Supplies,88.96,2025-01-20,GB
10616,1460,Books,45.2,2025-01-20,IN
11692,1228,Books,33.42,2025-01-20,PL
11997,1254,Sports,289.05,2025-01-20,IT
10798,1376,Home & Garden,32.38,2025-01-21,RO
11453,1189,Clothing,107.47,2025-01-21,NL
11638,1159,Food & Beverages,90.53,2025-01-21,FR
10321,1453,Beauty,104.7,2025-01-22,FR
11772,1407,Home & Garden,131.18,2025-01-22,IN
11956,1482,Toys,103.11,2025-01-22,JP
10052,1389,Electronics,232.33,2025-01-23,ES
10469,1411,Food & Beverages,22.22,2025-01-23,GB
10709,1005,Electronics,1364.5,2025-01-23,JP
10959,1394,Sports,146.06,2025-01-23,DE
10024,1283,Toys,118.57,2025-01-24,AT
10082,1293,Office Supplies,32.08,2025-01-24,DE
10883,1150,Beauty,55.46,2025-01-24,ES
11677,1140,Sports,339.81,2025-01-24,GB
10416,1257,Books,70.46,2025-01-25,BR
10646,1118,Food & Beverages,80.01,2025-01-25,DE
10731,1397,Food & Beverages,89.52,2025-01-25,JP
11284,1237,Clothing,61.83,2025-01-25,GB
11896,1369,Home & Garden,372.68,2025-01-25,GB
11980,1034,Toys,62.78,2025-01-25,US
10276,1421,Beauty,105.27,2025-01-26,AT
10687,1247,Books,26.56,2025-01-26,BG
10894,1337,Clothing,35.63,2025-01-26,GB
10231,1126,Electronics,969.94,2025-01-27,GR
10141,1249,Clothing,60.86,2025-01-28,GB
10508,1452,Toys,80.58,2025-01-28,US
10938,1186,Books,45.71,2025-01-28,DE
10464,1205,Food & Beverages,30.82,2025-01-29,GR
11338,1043,Toys,79.12,2025-01-29,BG
10385,1384,Books,28.52,2025-01-30,BG
11818,1486,Beauty,23.98,2025-01-30,GB
10346,1117,Office Supplies,16.66,2025-01-31,ES
10527,1148,Electronics,1856.65,2025-01-31,BR
10891,1142,Electronics,1270.3,2025-01-31,AT
10912,1365,Toys,35.76,2025-01-31,IT
10292,1392,Home & Garden,353.9,2025-02-01,US
11512,1263,Home & Garden,303.98,2025-02-01,IN
10062,1084,Home & Garden,348.68,2025-02-02,DE
10746,1080,Books,55.15,2025-02-03,GB
11044,1077,Food & Beverages,55.47,2025-02-03,RO
11098,1120,Beauty,140.5,2025-02-03,JP
11384,1012,Toys,62.88,2025-02-03,FR
10111,1286,Home & Garden,278.55,2025-02-04,BR
11024,1074,Sports,367.32,2025-02-05,NL
12000,1473,Clothing,216.34,2025-02-05,IN
10095,1167,Beauty,64.7,2025-02-06,BG
10333,1153,Home & Garden,75.63,2025-02-06,NL
10893,1116,Clothing,95.32,2025-02-06,GR
11435,1199,Electronics,1824.09,2025-02-06,DE
11527,1237,Clothing,199.75,2025-02-06,GB
11591,1206,Clothing,117.01,2025-02-06,JP
10920,1377,Beauty,147.4,2025-02-07,GB
11271,1347,Books,78.26,2025-02-07,BG
10675,1400,Beauty,78.39,2025-02-08,US
11345,1338,Books,16.58,2025-02-08,US
11475,1318,Beauty,68.87,2025-02-08,BG
11533,1223,Office Supplies,10.54,2025-02-08,GR
11621,1302,Office Supplies,81.69,2025-02-08,JP
11642,1046,Beauty,84.8,2025-02-08,IN
11680,1289,Books,29.65,2025-02-08,PL
11871,1098,Home & Garden,561.91,2025-02-08,GB
11917,1252,Beauty,186.03,2025-02-08,BG
10789,1407,Sports,244.26,2025-02-09,IN
10655,1314,Sports,396.92,2025-02-10,BG
10742,1384,Books,23.16,2025-02-10,BG
10744,1281,Electronics,101.41,2025-02-10,US
10170,1184,Books,65.29,2025-02-11,IN
10209,1021,Electronics,1899.93,2025-02-11,GR
10338,1243,Books,30.2,2025-02-11,BG
11469,1069,Toys,146.42,2025-02-11,GB
11937,1384,Home & Garden,559.41,2025-02-11,BG
10859,1281,Beauty,61.36,2025-02-12,US
11506,1092,Home & Garden,579.73,2025-02-12,RO
11849,1328,Food & Beverages,41.21,2025-02-12,BR
10463,1191,Toys,35.6,2025-02-14,US
10667,1371,Beauty,186.97,2025-02-14,NL
10211,1393,Beauty,91.63,2025-02-15,JP
11732,1027,Sports,343.72,2025-02-15,ES
11620,1040,Toys,104.76,2025-02-16,US
10424,1067,Beauty,131.1,2025-02-17,JP
10435,1184,Home & Garden,115.63,2025-02-17,IN
10679,1116,Home & Garden,283.76,2025-02-17,GR
10266,1134,Clothing,22.3,2025-02-18,FR
10049,1137,Beauty,26.86,2025-02-19,DE
10629,1473,Clothing,136.41,2025-02-19,IN
10680,1295,Electronics,559.16,2025-02-20,ES
11416,1444,Books,72.84,2025-02-20,NL
11670,1403,Clothing,86.58,2025-02-20,AT
10564,1421,Home & Garden,548.37,2025-02-21,AT
11340,1352,Food & Beverages,26.46,2025-02-21,US
11658,1131,Books,19.1,2025-02-21,RO
11465,1373,Home & Garden,262.63,2025-02-22,BG
11629,1472,Books,51.32,2025-02-22,GR
11945,1415,Home & Garden,170.42,2025-02-22,PL
10497,1253,Clothing,208.13,2025-02-23,BG
11282,1478,Beauty,28.63,2025-02-23,US
11405,1392,Sports,341.55,2025-02-24,US
10160,1461,Books,17.76,2025-02-25,RO
10727,1478,Sports,154.05,2025-02-25,US
11307,1145,Toys,119.03,2025-02-25,JP
11844,1358,Home & Garden,547.07,2025-02-25,RO
11934,1338,Beauty,122.18,2025-02-25,US
10039,1484,Electronics,1540.46,2025-02-26,GR
11092,1429,Food & Beverages,76.51,2025-02-26,ES
11406,1164,Books,53.64,2025-02-26,GB
11440,1422,Food & Beverages,49.75,2025-02-26,BG
11661,1200,Books,31.04,2025-02-26,ES
10904,1373,Electronics,1542.6,2025-02-27,BG
10962,1356,Sports,148.45,2025-02-27,BR
11031,1273,Food & Beverages,43.08,2025-02-27,BR
11689,1462,Electronics,1361.78,2025-02-27,NL
10500,1367,Toys,25.09,2025-02-28,DE
11279,1084,Beauty,148.98,2025-02-28,DE
11452,1410,Sports,99.5,2025-02-28,RO
11584,1088,Books,27.15,2025-02-28,BG
10819,1240,Electronics,753.81,2025-03-01,NL
11061,1044,Clothing,165.93,2025-03-01,US
11164,1033,Books,27.72,2025-03-01,US
11564,1081,Food & Beverages,14.59,2025-03-01,FR
10371,1397,Toys,47.72,2025-03-02,JP
11753,1494,Toys,96.25,2025-03-04,GB
11594,1410,Office Supplies,146.12,2025-03-05,RO
11812,1256,Toys,57.58,2025-03-05,BG
10774,1008,Food & Beverages,25.63,2025-03-06,US
11242,1278,Clothing,126.37,2025-03-06,BG
11382,1337,Beauty,118.79,2025-03-07,GB
10186,1176,Books,79.15,2025-03-08,GR
11543,1395,Food & Beverages,19.08,2025-03-08,FR
11748,1420,Office Supplies,129.94,2025-03-08,IN
10705,1066,Electronics,1075.18,2025-03-09,BG
10865,1046,Books,56.37,2025-03-09,IN
11513,1244,Sports,236.15,2025-03-09,US
11673,1401,Home & Garden,331.77,2025-03-09,AT
11717,1378,Home & Garden,587.3,2025-03-09,GB
10558,1344,Home & Garden,521.67,2025-03-10,AT
10713,1176,Toys,35.75,2025-03-10,GR
11065,1197,Toys,41.6,2025-03-10,JP
11333,1093,Toys,147.38,2025-03-10,BR
11348,1103,Beauty,35.08,2025-03-10,FR
10150,1390,Food & Beverages,56.9,2025-03-11,NL
11617,1233,Books,18.55,2025-03-11,US
11160,1113,Books,65.92,2025-03-12,BR
11220,1171,Office Supplies,12.65,2025-03-12,IN
10006,1451,Clothing,162.11,2025-03-13,DE
11274,1204,Clothing,183.25,2025-03-13,GB
11709,1287,Food & Beverages,5.19,2025-03-13,DE
11932,1449,Beauty,43.17,2025-03-13,JP
10177,1226,Food & Beverages,5.06,2025-03-14,IN
10589,1290,Toys,123.08,2025-03-14,AT
10124,1453,Home & Garden,280.75,2025-03-15,FR
10196,1302,Beauty,78.09,2025-03-15,JP
10645,1448,Electronics,1410.4,2025-03-15,FR
11586,1216,Home & Garden,100.04,2025-03-15,GB
11773,1356,Toys,54.51,2025-03-15,BR
10900,1353,Office Supplies,137.16,2025-03-16,NL
10328,1458,Food & Beverages,71.93,2025-03-17,NL
11126,1056,Clothing,142.05,2025-03-17,ES
11319,1040,Electronics,1560.65,2025-03-17,US
10856,1295,Office Supplies,20.79,2025-03-18,ES
11103,1327,Toys,143.87,2025-03-18,US
11509,1079,Books,29.5,2025-03-18,JP
11720,1321,Books,10.01,2025-03-18,BR
11730,1029,Sports,254.03,2025-03-18,US
11791,1173,Beauty,96.82,2025-03-18,IT
10275,1026,Clothing,232.17,2025-03-19,BG
10565,1199,Food & Beverages,64.87,2025-03-19,DE
11479,1046,Toys,109.44,2025-03-19,IN
11908,1217,Office Supplies,94.53,2025-03-19,BG
10054,1005,Clothing,34.43,2025-03-20,JP
10329,1483,Clothing,157.72,2025-03-20,FR
10849,1472,Toys,58.71,2025-03-20,GR
10084,1253,Clothing,29.87,2025-03-21,BG
11034,1303,Beauty,159.45,2025-03-21,RO
11099,1243,Sports,79.43,2025-03-21,BG
11183,1028,Toys,49.91,2025-03-21,BG
11410,1238,Food & Beverages,58.18,2025-03-22,FR
11488,1134,Clothing,180.9,2025-03-22,FR
11555,1481,Toys,72.77,2025-03-22,IN
11743,1031,Clothing,88.24,2025-03-22,DE
10216,1391,Books,30.33,2025-03-23,GR
11519,1269,Books,28.93,2025-03-23,BG
11981,1335,Office Supplies,145.21,2025-03-23,GB
10461,1340,Clothing,92.24,2025-03-24,BG
10570,1155,Books,28.27,2025-03-24,IN
10772,1145,Sports,71.89,2025-03-24,JP
11573,1310,Books,58.86,2025-03-24,BG
10669,1030,Clothing,165.47,2025-03-25,GR
10797,1404,Toys,122.77,2025-03-25,US
11165,1087,Toys,87.48,2025-03-25,US
10926,1493,Electronics,420.21,2025-03-26,DE
11093,1395,Beauty,56.73,2025-03-26,FR
11424,1090,Home & Garden,582.56,2025-03-26,JP
10868,1180,Food & Beverages,64.2,2025-03-27,IN
11255,1022,Toys,90.43,2025-03-27,JP
11907,1204,Beauty,43.54,2025-03-27,GB
10755,1277,Home & Garden,486.73,2025-03-28,ES
10949,1338,Food & Beverages,48.11,2025-03-28,US
11264,1342,Clothing,202.9,2025-03-28,JP
11729,1034,Clothing,29.57,2025-03-28,US
11793,1140,Beauty,16.65,2025-03-28,GB
10370,1069,Sports,390.33,2025-03-29,GB
10529,1007,Sports,101.16,2025-03-29,RO
10780,1499,Home & Garden,243.18,2025-03-29,BG
11434,1063,Office Supplies,131.11,2025-03-29,BG
11588,1407,Toys,142.12,2025-03-29,IN
10143,1210,Food & Beverages,44.48,2025-03-30,BG
11277,1448,Office Supplies,20.44,2025-03-30,FR
10074,1047,Electronics,1888.77,2025-03-31,FR
10737,1331,Beauty,62.99,2025-03-31,DE
11038,1238,Toys,87.71,2025-03-31,FR
11247,1357,Office Supplies,127.55,2025-03-31,IT
10278,1466,Clothing,79.62,2025-04-01,US
10341,1454,Beauty,81.45,2025-04-01,ES
11270,1101,Electronics,213.0,2025-04-01,JP
11276,1177,Toys,53.13,2025-04-01,IN
11619,1218,Clothing,126.92,2025-04-01,GB
11971,1281,Food & Beverages,20.97,2025-04-01,US
10485,1230,Books,69.67,2025-04-02,GB
10351,1318,Clothing,43.27,2025-04-04,BG
11100,1007,Sports,372.71,2025-04-04,RO
10259,1056,Clothing,39.83,2025-04-05,ES
11064,1261,Beauty,115.79,2025-04-05,JP
11809,1220,Beauty,51.4,2025-04-05,IT
10067,1016,Sports,318.83,2025-04-06,BG
10139,1148,Clothing,58.97,2025-04-06,BR
10501,1024,Books,63.59,2025-04-06,NL
10587,1036,Home & Garden,204.32,2025-04-06,BG
10922,1403,Electronics,1065.27,2025-04-07,AT
11235,1348,Office Supplies,135.72,2025-04-07,DE
10835,1475,Sports,160.0,2025-04-08,GB
11184,1129,Toys,96.35,2025-04-09,BG
10491,1423,Electronics,1642.35,2025-04-10,FR
11063,1310,Beauty,129.17,2025-04-10,BG
11529,1153,Toys,92.21,2025-04-10,NL
10957,1359,Office Supplies,33.19,2025-04-11,BR
11992,1429,Home & Garden,309.9,2025-04-11,ES
10378,1429,Electronics,536.51,2025-04-12,ES
10456,1464,Sports,266.63,2025-04-12,GB
11837,1021,Books,28.73,2025-04-12,GR
10127,1096,Toys,55.64,2025-04-13,RO
10130,1201,Books,33.05,2025-04-13,IT
10146,1116,Office Supplies,48.99,2025-04-13,GR
11237,1415,Books,21.56,2025-04-13,PL
11625,1259,Clothing,128.92,2025-04-13,FR
10685,1248,Home & Garden,459.33,2025-04-14,RO
11260,1208,Food & Beverages,78.01,2025-04-14,RO
10175,1024,Books,53.08,2025-04-15,NL
10841,1285,Clothing,37.16,2025-04-16,ES
10982,1070,Food & Beverages,19.76,2025-04-16,AT
11381,1011,Office Supplies,54.31,2025-04-16,JP
10274,1464,Toys,27.15,2025-04-17,GB
11807,1301,Office Supplies,115.58,2025-04-17,DE
10121,1082,Toys,88.38,2025-04-18,JP
10592,1069,Toys,132.9,2025-04-18,GB
10983,1457,Office Supplies,135.22,2025-04-18,DE
11203,1251,Home & Garden,363.12,2025-04-18,JP
11403,1031,Office Supplies,36.49,2025-04-18,DE
10261,1184,Home & Garden,282.11,2025-04-19,IN
10413,1191,Sports,244.59,2025-04-19,US
10775,1160,Food & Beverages,99.81,2025-04-19,FR
11286,1428,Sports,210.29,2025-04-19,GB
11516,1021,Office Supplies,56.53,2025-04-19,GR
11912,1284,Clothing,75.46,2025-04-19,BG
11734,1404,Electronics,934.15,2025-04-20,US
10237,1024,Beauty,24.96,2025-04-21,NL
11020,1415,Office Supplies,19.15,2025-04-21,PL
10537,1434,Sports,27.12,2025-04-22,BR
11751,1097,Food & Beverages,71.0,2025-04-23,US
11902,1121,Office Supplies,19.1,2025-04-23,RO
10802,1279,Toys,55.32,2025-04-24,US
10027,1239,Books,65.8,2025-04-25,AT
10911,1069,Office Supplies,128.15,2025-04-25,GB
11468,1299,Food & Beverages,13.15,2025-04-25,DE
11207,1214,Electronics,128.11,2025-04-26,BG
11487,1028,Home & Garden,126.22,2025-04-26,BG
10664,1003,Books,67.27,2025-04-27,BG
11545,1379,Food & Beverages,96.57,2025-04-27,GR
10288,1016,Sports,46.97,2025-04-28,BG
10010,1193,Clothing,192.29,2025-04-29,FR
10363,1197,Food & Beverages,59.34,2025-04-29,JP
10743,1053,Books,12.59,2025-04-29,JP
11953,1493,Sports,374.55,2025-04-29,DE
11181,1058,Clothing,176.03,2025-04-30,FR
10366,1354,Home & Garden,48.59,2025-05-01,BR
11026,1233,Food & Beverages,7.88,2025-05-01,US
10406,1114,Office Supplies,98.64,2025-05-02,NL
10724,1031,Home & Garden,492.01,2025-05-02,DE
11096,1027,Clothing,124.04,2025-05-02,ES
11170,1455,Sports,181.08,2025-05-02,BG
11966,1205,Books,33.08,2025-05-02,GR
10183,1361,Books,8.08,2025-05-03,IN
10759,1353,Food & Beverages,94.96,2025-05-03,NL
10910,1184,Books,57.55,2025-05-03,IN
11534,1060,Electronics,384.88,2025-05-03,AT
10322,1180,Office Supplies,61.3,2025-05-05,IN
10624,1369,Books,42.67,2025-05-05,GB
10980,1170,Toys,139.12,2025-05-05,GR
11312,1060,Clothing,232.0,2025-05-06,AT
10618,1419,Toys,78.16,2025-05-08,RO
10754,1274,Sports,365.85,2025-05-08,JP
11032,1123,Home & Garden,337.81,2025-05-08,PL
11676,1149,Clothing,15.13,2025-05-08,US
11909,1390,Clothing,207.61,2025-05-08,NL
10468,1054,Beauty,183.31,2025-05-09,RO
10504,1479,Beauty,169.7,2025-05-09,FR
10845,1376,Books,60.1,2025-05-09,RO
10996,1228,Office Supplies,11.54,2025-05-09,PL
10607,1338,Clothing,187.94,2025-05-10,US
11666,1238,Office Supplies,65.8,2025-05-10,FR
10173,1281,Clothing,148.04,2025-05-11,US
10285,1184,Food & Beverages,56.73,2025-05-11,IN
10884,1261,Books,73.08,2025-05-11,JP
11186,1091,Clothing,199.59,2025-05-11,DE
11965,1348,Food & Beverages,27.19,2025-05-11,DE
11632,1157,Toys,52.46,2025-05-12,GB
10136,1071,Beauty,91.53,2025-05-13,BG
10307,1375,Beauty,160.87,2025-05-13,NL
10593,1229,Toys,118.47,2025-05-13,IN
10721,1265,Office Supplies,110.32,2025-05-13,BG
11059,1009,Clothing,184.51,2025-05-13,US
10167,1356,Toys,73.66,2025-05-14,BR
10471,1451,Clothing,128.52,2025-05-14,DE
10608,1481,Toys,15.66,2025-05-14,IN
10730,1182,Toys,104.25,2025-05-14,BG
10034,1173,Sports,311.26,2025-05-15,IT
10036,1087,Clothing,184.27,2025-05-15,US
11635,1456,Sports,105.84,2025-05-15,BG
11922,1395,Toys,81.35,2025-05-15,FR
10128,1059,Sports,276.51,2025-05-16,BG
10138,1477,Clothing,145.4,2025-05-16,DE
10434,1069,Toys,149.46,2025-05-16,GB
10917,1091,Food & Beverages,87.38,2025-05-16,DE
11623,1217,Food & Beverages,70.46,2025-05-16,BG
11133,1002,Office Supplies,108.48,2025-05-17,JP
10368,1173,Sports,141.61,2025-05-18,IT
11125,1313,Beauty,45.55,2025-05-18,FR
11343,1092,Electronics,1997.51,2025-05-18,RO
10296,1073,Home & Garden,505.28,2025-05-19,FR
11490,1364,Office Supplies,76.9,2025-05-19,ES
10142,1494,Office Supplies,79.77,2025-05-21,GB
10171,1112,Beauty,167.07,2025-05-21,AT
11371,1260,Electronics,813.2,2025-05-21,DE
11460,1223,Food & Beverages,83.59,2025-05-21,GR
11462,1485,Sports,132.99,2025-05-21,IN
11783,1270,Food & Beverages,72.99,2025-05-21,BG
11548,1053,Beauty,196.14,2025-05-22,JP
10968,1182,Clothing,159.36,2025-05-23,BG
10026,1134,Toys,81.79,2025-05-24,FR
10946,1319,Sports,29.58,2025-05-24,GR
11969,1449,Office Supplies,12.51,2025-05-24,JP
10280,1316,Home & Garden,395.42,2025-05-25,US
10502,1235,Office Supplies,27.12,2025-05-25,BG
10203,1254,Beauty,33.2,2025-05-26,IT
10792,1191,Books,25.91,2025-05-26,US
11147,1406,Office Supplies,99.36,2025-05-26,GB
11877,1211,Sports,312.83,2025-05-26,GR
10930,1238,Food & Beverages,13.59,2025-05-27,FR
11326,1486,Toys,59.31,2025-05-27,GB
11671,1229,Books,68.93,2025-05-27,IN
10210,1260,Sports,260.71,2025-05-28,DE
10602,1457,Sports,75.21,2025-05-28,DE
10890,1321,Sports,113.58,2025-05-28,BR
11233,1191,Toys,73.34,2025-05-28,US
11795,1462,Books,29.21,2025-05-28,NL
10603,1262,Books,36.57,2025-05-29,BG
11386,1354,Home & Garden,214.86,2025-05-29,BR
10430,1160,Clothing,39.14,2025-05-30,FR
10681,1260,Books,48.22,2025-05-30,DE
11231,1165,Toys,135.71,2025-05-30,DE
11477,1022,Clothing,76.17,2025-05-30,JP
10638,1009,Home & Garden,323.17,2025-05-31,US
10829,1406,Clothing,144.24,2025-05-31,GB
11330,1003,Books,74.54,2025-05-31,BG
11474,1496,Electronics,60.45,2025-05-31,DE
11639,1244,Clothing,194.06,2025-05-31,US
11664,1301,Home & Garden,305.93,2025-05-31,DE
11682,1144,Beauty,51.64,2025-05-31,DE
10252,1235,Books,49.82,2025-06-01,BG
11583,1126,Food & Beverages,37.43,2025-06-01,GR
10976,1405,Books,30.16,2025-06-02,ES
11442,1423,Clothing,179.14,2025-06-02,FR
11579,1373,Sports,290.56,2025-06-02,BG
10597,1040,Books,72.23,2025-06-03,US
11557,1241,Toys,71.34,2025-06-03,GR
11747,1266,Clothing,28.47,2025-06-03,AT
10661,1487,Clothing,38.57,2025-06-04,FR
11777,1323,Sports,352.32,2025-06-04,BR
10229,1458,Books,24.45,2025-06-05,NL
11048,1046,Electronics,1242.41,2025-06-06,IN
11523,1040,Electronics,1051.16,2025-06-06,US
11678,1180,Home & Garden,359.39,2025-06-06,IN
10213,1143,Books,30.31,2025-06-07,BG
10226,1135,Books,43.72,2025-06-07,DE
10634,1421,Clothing,161.45,2025-06-07,AT
10703,1445,Sports,209.05,2025-06-07,GR
10840,1422,Sports,369.67,2025-06-07,BG
11352,1309,Beauty,197.65,2025-06-07,GB
10511,1071,Beauty,125.27,2025-06-08,BG
10579,1109,Beauty,182.26,2025-06-08,BG
10627,1066,Clothing,46.66,2025-06-08,BG
11076,1274,Electronics,964.29,2025-06-08,JP
11804,1388,Electronics,970.41,2025-06-08,NL
11869,1086,Clothing,25.34,2025-06-08,BG
10388,1106,Sports,269.35,2025-06-09,BG
10682,1151,Toys,142.58,2025-06-09,BG
10159,1150,Sports,239.78,2025-06-10,ES
10534,1039,Clothing,241.18,2025-06-10,JP
10620,1226,Clothing,69.05,2025-06-10,IN
10374,1445,Toys,124.94,2025-06-11,GR
11572,1137,Clothing,215.55,2025-06-11,DE
10236,1462,Electronics,399.72,2025-06-12,NL
10373,1468,Beauty,151.3,2025-06-12,IN
11399,1093,Electronics,1274.3,2025-06-12,BR
11587,1212,Beauty,180.84,2025-06-12,DE
11615,1378,Home & Garden,81.03,2025-06-12,GB
11806,1117,Home & Garden,295.17,2025-06-12,ES
10400,1336,Sports,95.64,2025-06-13,FR
11589,1075,Electronics,1449.37,2025-06-13,RO
11712,1266,Food & Beverages,52.08,2025-06-13,AT
10670,1006,Home & Garden,513.33,2025-06-14,ES
11306,1181,Clothing,18.03,2025-06-14,GB
10110,1133,Home & Garden,316.19,2025-06-15,BG
10184,1040,Clothing,154.51,2025-06-15,US
11781,1385,Office Supplies,61.15,2025-06-15,US
10432,1153,Sports,195.97,2025-06-16,NL
11244,1012,Home & Garden,504.27,2025-06-16,FR
11359,1050,Books,55.6,2025-06-16,IT
11614,1345,Clothing,182.87,2025-06-16,DE
11724,1427,Electronics,1652.19,2025-06-16,IN
11952,1406,Electronics,782.55,2025-06-16,GB
11968,1311,Home & Garden,432.93,2025-06-16,AT
10612,1021,Toys,24.45,2025-06-17,GR
10738,1400,Toys,114.71,2025-06-17,US
11202,1438,Home & Garden,70.16,2025-06-18,BG
11419,1377,Office Supplies,140.48,2025-06-18,GB
11648,1278,Electronics,1916.72,2025-06-18,BG
11951,1341,Electronics,238.84,2025-06-18,BR
10519,1147,Beauty,163.96,2025-06-19,ES
11344,1345,Books,36.54,2025-06-19,DE
11521,1351,Sports,340.58,2025-06-19,US
10376,1260,Beauty,37.5,2025-06-20,DE
10998,1473,Food & Beverages,74.58,2025-06-20,IN
10303,1470,Clothing,196.98,2025-06-22,BG
10815,1017,Beauty,135.69,2025-06-22,GR
10824,1273,Beauty,47.62,2025-06-22,BR
11459,1088,Books,9.02,2025-06-22,BG
11769,1190,Toys,102.53,2025-06-23,BG
11089,1134,Home & Garden,301.25,2025-06-24,FR
10887,1012,Electronics,532.41,2025-06-26,FR
11585,1185,Home & Garden,107.93,2025-06-26,BG
10427,1457,Toys,115.96,2025-06-27,DE
10803,1141,Office Supplies,30.77,2025-06-27,JP
11208,1376,Office Supplies,12.77,2025-06-27,RO
10641,1308,Electronics,1761.62,2025-06-28,RO
10766,1414,Sports,131.75,2025-06-28,US
11102,1490,Electronics,239.86,2025-06-28,RO
11234,1270,Books,41.85,2025-06-28,BG
11097,1155,Food & Beverages,75.88,2025-06-29,IN
11714,1025,Sports,369.4,2025-06-29,DE
11933,1130,Sports,212.74,2025-06-29,GR
10518,1364,Beauty,138.76,2025-06-30,ES
11652,1430,Food & Beverages,13.04,2025-06-30,US
11679,1145,Electronics,364.76,2025-06-30,JP
10103,1230,Food & Beverages,60.31,2025-07-01,GB
10044,1009,Office Supplies,110.55,2025-07-02,US
10260,1239,Toys,66.91,2025-07-02,AT
10347,1420,Office Supplies,67.45,2025-07-02,IN
10361,1400,Books,64.57,2025-07-02,US
11136,1419,Food & Beverages,16.51,2025-07-02,RO
11389,1434,Books,68.51,2025-07-02,BR
10126,1143,Books,49.57,2025-07-03,BG
10556,1486,Books,20.05,2025-07-04,GB
11185,1023,Books,61.31,2025-07-04,PL
11329,1494,Sports,89.42,2025-07-04,GB
10808,1165,Books,55.4,2025-07-05,DE
11690,1285,Food & Beverages,77.43,2025-07-05,ES
10600,1134,Office Supplies,134.95,2025-07-06,FR
11074,1492,Books,57.25,2025-07-06,US
11178,1317,Toys,130.78,2025-07-06,GR
11396,1259,Sports,187.34,2025-07-06,FR
11605,1388,Clothing,20.5,2025-07-06,NL
10750,1443,Food & Beverages,49.38,2025-07-07,DE
11362,1278,Toys,123.33,2025-07-07,BG
11972,1489,Books,42.72,2025-07-07,BG
10523,1354,Sports,101.5,2025-07-08,BR
10700,1253,Electronics,1540.28,2025-07-08,BG
11744,1263,Toys,53.57,2025-07-08,IN
10800,1249,Food & Beverages,58.11,2025-07-09,GB
10148,1294,Books,27.29,2025-07-10,GR
10283,1330,Office Supplies,43.38,2025-07-10,ES
10573,1383,Beauty,161.79,2025-07-12,IT
11054,1196,Beauty,83.73,2025-07-12,BG
10531,1364,Toys,115.72,2025-07-13,ES
10874,1108,Office Supplies,38.09,2025-07-13,PL
11067,1365,Office Supplies,46.23,2025-07-13,IT
11261,1476,Toys,31.85,2025-07-13,BG
10442,1214,Food & Beverages,41.12,2025-07-14,BG
10950,1041,Electronics,527.19,2025-07-14,IT
11398,1320,Office Supplies,72.36,2025-07-14,GB
11443,1034,Toys,68.92,2025-07-14,US
10761,1306,Home & Garden,482.13,2025-07-15,US
10582,1344,Electronics,1710.21,2025-07-16,AT
10784,1323,Electronics,1502.21,2025-07-16,BR
10097,1304,Office Supplies,33.55,2025-07-17,IN
10267,1438,Food & Beverages,57.82,2025-07-17,BG
10831,1227,Toys,136.35,2025-07-17,ES
10834,1280,Home & Garden,237.54,2025-07-17,JP
10960,1420,Books,62.61,2025-07-17,IN
10599,1208,Home & Garden,545.66,2025-07-18,RO
11522,1219,Sports,238.2,2025-07-18,GB
10120,1477,Home & Garden,319.28,2025-07-19,DE
10356,1045,Beauty,116.6,2025-07-19,NL
10030,1380,Clothing,18.81,2025-07-20,BR
10503,1003,Office Supplies,112.54,2025-07-20,BG
11201,1488,Clothing,150.86,2025-07-20,BG
11821,1048,Clothing,39.51,2025-07-20,RO
10331,1499,Home & Garden,257.38,2025-07-21,BG
10076,1096,Beauty,96.38,2025-07-22,RO
10575,1192,Electronics,1129.37,2025-07-22,BG
10657,1248,Clothing,102.0,2025-07-22,RO
11283,1328,Sports,180.44,2025-07-23,BR
11681,1358,Books,67.8,2025-07-23,RO
10656,1387,Home & Garden,259.67,2025-07-24,ES
10726,1134,Toys,60.44,2025-07-24,FR
10902,1470,Clothing,89.61,2025-07-24,BG
11471,1217,Sports,52.4,2025-07-24,BG
11571,1175,Toys,117.71,2025-07-24,BG
10478,1198,Clothing,212.17,2025-07-25,IT
10796,1250,Home & Garden,203.71,2025-07-25,JP
10409,1242,Clothing,189.12,2025-07-26,PL
10677,1036,Books,47.57,2025-07-26,BG
11226,1188,Toys,34.54,2025-07-26,BG
11309,1258,Home & Garden,502.31,2025-07-26,DE
11476,1344,Toys,28.51,2025-07-26,AT
11731,1034,Books,56.78,2025-07-26,US
11010,1059,Electronics,1918.68,2025-07-27,BG
10547,1487,Office Supplies,75.43,2025-07-28,FR
10762,1192,Home & Garden,258.81,2025-07-28,BG
10012,1074,Food & Beverages,91.9,2025-07-29,NL
10308,1333,Toys,34.39,2025-07-29,US
10489,1406,Sports,358.79,2025-07-29,GB
11256,1134,Toys,35.83,2025-07-29,FR
11913,1157,Food & Beverages,31.91,2025-07-29,GB
10191,1329,Clothing,31.08,2025-07-30,US
10360,1299,Books,74.59,2025-07-30,DE
10684,1129,Food & Beverages,96.78,2025-07-30,BG
10833,1221,Toys,95.18,2025-07-30,DE
11493,1384,Office Supplies,124.81,2025-07-30,BG
10058,1351,Sports,362.24,2025-07-31,US
10295,1361,Toys,142.66,2025-07-31,IN
11080,1384,Sports,297.61,2025-07-31,BG
10901,1466,Clothing,169.21,2025-08-01,US
10606,1229,Clothing,57.1,2025-08-02,IN
11752,1308,Toys,129.28,2025-08-02,RO
11920,1472,Books,35.71,2025-08-02,GR
10227,1185,Electronics,1024.24,2025-08-03,BG
11393,1049,Toys,48.27,2025-08-03,BG
10253,1069,Beauty,26.07,2025-08-04,GB
10312,1486,Beauty,171.94,2025-08-04,GB
10722,1154,Sports,235.8,2025-08-04,GB
10205,1185,Toys,28.48,2025-08-05,BG
10978,1352,Toys,57.79,2025-08-05,US
11502,1336,Food & Beverages,35.87,2025-08-05,FR
11702,1203,Books,70.63,2025-08-05,ES
11835,1414,Home & Garden,325.0,2025-08-05,US
11878,1053,Office Supplies,120.36,2025-08-05,JP
10418,1071,Home & Garden,218.75,2025-08-06,BG
11705,1382,Books,17.18,2025-08-06,DE
11819,1097,Food & Beverages,15.32,2025-08-06,US
11418,1204,Clothing,70.47,2025-08-07,GB
11128,1053,Electronics,192.19,2025-08-08,JP
11645,1046,Clothing,181.19,2025-08-08,IN
10484,1041,Food & Beverages,47.2,2025-08-09,IT
10540,1316,Sports,208.96,2025-08-09,US
10576,1073,Books,11.01,2025-08-09,FR
10895,1267,Home & Garden,262.05,2025-08-09,BG
11610,1388,Books,40.31,2025-08-09,NL
11613,1180,Sports,131.7,2025-08-09,IN
11637,1446,Electronics,864.27,2025-08-09,ES
11935,1386,Books,15.87,2025-08-09,DE
10453,1007,Books,73.3,2025-08-10,RO
10693,1244,Toys,59.5,2025-08-10,US
11263,1152,Food & Beverages,90.12,2025-08-10,RO
10563,1407,Sports,234.28,2025-08-11,IN
10683,1490,Sports,353.54,2025-08-11,RO
10702,1318,Toys,78.93,2025-08-11,BG
11132,1078,Toys,136.65,2025-08-11,DE
10864,1137,Beauty,72.8,2025-08-12,DE
11836,1451,Food & Beverages,48.72,2025-08-12,DE
10704,1144,Beauty,53.75,2025-08-13,DE
10658,1248,Sports,395.69,2025-08-14,RO
10598,1324,Electronics,1634.65,2025-08-15,GR
11081,1134,Electronics,1277.14,2025-08-15,FR
11392,1381,Books,59.67,2025-08-15,PL
11928,1076,Sports,117.78,2025-08-15,DE
11152,1446,Office Supplies,29.15,2025-08-16,ES
11305,1353,Toys,23.42,2025-08-16,NL
11803,1401,Beauty,189.81,2025-08-16,AT
10584,1035,Sports,61.83,2025-08-17,GB
11229,1333,Food & Beverages,75.05,2025-08-17,US
10633,1113,Beauty,124.96,2025-08-19,BR
11215,1361,Food & Beverages,86.5,2025-08-20,IN
10258,1484,Home & Garden,98.94,2025-08-21,GR
10536,1285,Sports,73.77,2025-08-21,ES
11105,1411,Books,26.38,2025-08-21,GB
11192,1457,Home & Garden,62.65,2025-08-22,DE
11525,1369,Sports,158.3,2025-08-22,GB
11761,1149,Food & Beverages,23.47,2025-08-22,US
11948,1142,Books,32.63,2025-08-22,AT
11930,1330,Beauty,86.76,2025-08-23,ES
10359,1213,Clothing,49.83,2025-08-25,NL
10948,1312,Food & Beverages,27.6,2025-08-25,DE
11383,1137,Electronics,1407.12,2025-08-25,DE
10309,1356,Toys,41.25,2025-08-26,BR
10345,1414,Office Supplies,66.79,2025-08-26,US
11331,1436,Food & Beverages,39.81,2025-08-26,IN
11633,1015,Clothing,48.4,2025-08-26,US
10132,1410,Sports,369.51,2025-08-27,RO
10933,1231,Electronics,398.81,2025-08-27,BG
10005,1141,Electronics,1135.6,2025-08-28,JP
10241,1379,Home & Garden,289.08,2025-08-28,GR
11550,1250,Beauty,103.39,2025-08-28,JP
10293,1182,Clothing,56.38,2025-08-29,BG
11169,1092,Books,58.89,2025-08-30,RO
10396,1495,Toys,88.6,2025-08-31,PL
11003,1478,Electronics,1389.75,2025-08-31,US
10855,1375,Beauty,194.56,2025-09-01,NL
10135,1073,Office Supplies,63.16,2025-09-02,FR
11037,1294,Food & Beverages,15.86,2025-09-02,GR
11040,1307,Books,57.36,2025-09-02,US
10157,1292,Toys,84.52,2025-09-03,IN
10668,1315,Office Supplies,48.68,2025-09-03,IN
10752,1497,Office Supplies,33.14,2025-09-03,RO
11079,1149,Clothing,23.3,2025-09-03,US
11314,1419,Food & Beverages,89.52,2025-09-03,RO
11663,1027,Home & Garden,158.98,2025-09-03,ES
10078,1182,Office Supplies,21.22,2025-09-04,BG
11889,1105,Electronics,514.22,2025-09-04,IT
10671,1147,Home & Garden,39.49,2025-09-05,ES
11686,1175,Home & Garden,286.68,2025-09-05,BG
11733,1050,Beauty,55.83,2025-09-05,IT
10198,1044,Home & Garden,340.97,2025-09-06,US
10401,1392,Home & Garden,541.82,2025-09-06,US
10492,1170,Office Supplies,116.97,2025-09-06,GR
10830,1173,Clothing,140.47,2025-09-06,IT
11725,1407,Home & Garden,567.26,2025-09-06,IN
11879,1088,Sports,384.64,2025-09-06,BG
11979,1171,Home & Garden,560.43,2025-09-07,IN
11323,1387,Books,64.33,2025-09-08,ES
11535,1236,Beauty,175.33,2025-09-08,IN
10091,1499,Clothing,85.6,2025-09-09,BG
11510,1377,Sports,363.9,2025-09-09,GB
11816,1488,Toys,89.55,2025-09-09,BG
11822,1091,Electronics,1661.63,2025-09-09,DE
11800,1433,Sports,96.49,2025-09-10,AT
10017,1027,Sports,166.44,2025-09-11,ES
10736,1163,Sports,291.41,2025-09-11,DE
10896,1079,Beauty,194.46,2025-09-11,JP
11115,1063,Books,14.22,2025-09-11,BG
11272,1100,Food & Beverages,35.19,2025-09-11,PL
11834,1229,Books,67.37,2025-09-11,IN
10445,1052,Office Supplies,46.34,2025-09-12,BG
10507,1054,Beauty,135.61,2025-09-12,RO
10639,1351,Beauty,167.38,2025-09-12,US
10728,1063,Toys,131.43,2025-09-12,BG
10200,1014,Sports,102.04,2025-09-13,ES
10594,1283,Books,20.66,2025-09-13,AT
10919,1219,Beauty,157.93,2025-09-14,GB
10154,1108,Toys,130.55,2025-09-16,PL
11072,1239,Office Supplies,19.11,2025-09-16,AT
11575,1500,Books,64.28,2025-09-16,FR
10129,1271,Toys,93.58,2025-09-17,DE
10218,1474,Beauty,33.81,2025-09-18,IT
10313,1017,Clothing,156.56,2025-09-18,GR
10907,1055,Clothing,58.42,2025-09-18,BG
10963,1269,Home & Garden,423.58,2025-09-18,BG
11174,1306,Clothing,183.54,2025-09-18,US
10710,1298,Books,31.43,2025-09-19,BG
10712,1122,Sports,201.75,2025-09-19,PL
10765,1217,Home & Garden,319.63,2025-09-19,BG
10908,1316,Sports,252.1,2025-09-19,US
10928,1237,Clothing,114.28,2025-09-19,GB
11221,1386,Sports,286.77,2025-09-19,DE
10123,1328,Beauty,86.37,2025-09-20,BR
10327,1281,Books,32.33,2025-09-20,US
10549,1229,Home & Garden,544.61,2025-09-20,IN
10604,1006,Home & Garden,511.83,2025-09-20,ES
10662,1206,Toys,122.12,2025-09-20,JP
11514,1047,Beauty,164.47,2025-09-20,FR
11697,1184,Home & Garden,72.18,2025-09-20,IN
10640,1050,Clothing,126.83,2025-09-21,IT
10672,1262,Office Supplies,107.18,2025-09-21,BG
11779,1402,Food & Beverages,80.14,2025-09-21,RO
10193,1322,Clothing,231.18,2025-09-22,JP
11159,1059,Food & Beverages,61.52,2025-09-22,BG
11774,1326,Home & Garden,554.19,2025-09-22,GR
10580,1073,Clothing,58.24,2025-09-23,FR
11536,1372,Food & Beverages,33.77,2025-09-23,US
10745,1269,Books,15.48,2025-09-24,BG
10879,1146,Home & Garden,477.73,2025-09-24,ES
11457,1135,Clothing,26.7,2025-09-24,DE
11839,1213,Home & Garden,124.16,2025-09-24,NL
10567,1274,Electronics,1300.77,2025-09-25,JP
10697,1118,Home & Garden,504.27,2025-09-25,DE
11154,1251,Electronics,968.88,2025-09-25,JP
11599,1455,Office Supplies,96.66,2025-09-25,BG
11647,1330,Office Supplies,20.09,2025-09-25,ES
11961,1385,Home & Garden,233.69,2025-09-25,US
10279,1453,Clothing,23.14,2025-09-26,FR
10586,1336,Home & Garden,78.03,2025-09-26,FR
11112,1129,Home & Garden,39.74,2025-09-26,BG
11735,1408,Beauty,177.43,2025-09-26,BG
11675,1417,Food & Beverages,96.31,2025-09-27,BG
11741,1182,Beauty,102.5,2025-09-27,BG
11790,1299,Electronics,957.24,2025-09-28,DE
10769,1234,Food & Beverages,30.85,2025-09-29,ES
10875,1268,Sports,230.8,2025-09-29,BG
11554,1214,Food & Beverages,16.11,2025-09-29,BG
10394,1239,Sports,278.95,2025-09-30,AT
10439,1193,Sports,314.22,2025-09-30,FR
10967,1133,Office Supplies,89.67,2025-09-30,BG
11358,1168,Clothing,86.15,2025-09-30,IT
11391,1294,Beauty,163.27,2025-10-01,GR
10086,1185,Sports,379.08,2025-10-02,BG
10539,1306,Electronics,1558.64,2025-10-02,US
10793,1047,Toys,140.32,2025-10-02,FR
10971,1001,Books,9.73,2025-10-02,IT
11375,1179,Electronics,1542.13,2025-10-02,BG
11726,1318,Food & Beverages,77.59,2025-10-02,BG
10428,1098,Electronics,1369.66,2025-10-03,GB
10596,1457,Office Supplies,35.89,2025-10-03,DE
11179,1260,Home & Garden,289.25,2025-10-03,DE
11402,1273,Beauty,187.71,2025-10-03,BR
11455,1473,Office Supplies,99.89,2025-10-03,IN
11541,1075,Home & Garden,272.76,2025-10-03,RO
11719,1085,Toys,53.51,2025-10-03,IT
11721,1414,Electronics,1205.44,2025-10-03,US
11870,1056,Toys,55.18,2025-10-03,ES
10354,1223,Home & Garden,598.42,2025-10-04,GR
11301,1480,Books,45.0,2025-10-05,GR
11842,1123,Clothing,79.34,2025-10-05,PL
10964,1030,Books,49.14,2025-10-06,GR
11897,1267,Toys,35.7,2025-10-06,BG
10720,1091,Beauty,105.92,2025-10-07,DE
10925,1286,Beauty,109.03,2025-10-07,BR
11143,1357,Beauty,180.53,2025-10-07,IT
10420,1399,Books,43.11,2025-10-08,RO
10164,1202,Food & Beverages,18.51,2025-10-09,FR
10851,1383,Electronics,1286.08,2025-10-09,IT
11144,1353,Toys,78.11,2025-10-09,NL
11166,1125,Electronics,310.07,2025-10-09,PL
11195,1070,Food & Beverages,73.38,2025-10-09,AT
10832,1167,Toys,67.73,2025-10-10,BG
11977,1064,Clothing,231.84,2025-10-10,FR
10072,1138,Clothing,104.3,2025-10-11,BG
10215,1275,Toys,64.7,2025-10-11,RO
10414,1436,Books,41.88,2025-10-11,IN
10937,1047,Books,58.85,2025-10-11,FR
10380,1189,Food & Beverages,52.99,2025-10-12,NL
11388,1187,Beauty,49.93,2025-10-12,NL
10663,1357,Electronics,363.44,2025-10-13,IT
11288,1135,Sports,383.51,2025-10-13,DE
11622,1447,Sports,244.11,2025-10-13,JP
10053,1194,Office Supplies,75.59,2025-10-14,GR
10768,1094,Clothing,83.05,2025-10-14,FR
10905,1493,Beauty,69.03,2025-10-14,DE
10785,1267,Books,26.24,2025-10-15,BG
10805,1278,Toys,73.57,2025-10-15,BG
11114,1458,Home & Garden,571.28,2025-10-15,NL
11200,1310,Clothing,200.54,2025-10-15,BG
11401,1339,Food & Beverages,30.45,2025-10-15,DE
11701,1311,Home & Garden,24.14,2025-10-15,AT
11784,1243,Sports,242.95,2025-10-15,BG
10753,1234,Beauty,110.41,2025-10-16,ES
11300,1025,Sports,134.37,2025-10-16,DE
11755,1254,Home & Garden,553.57,2025-10-16,IT
11130,1460,Food & Beverages,19.14,2025-10-17,IN
11171,1355,Clothing,63.45,2025-10-17,ES
11749,1177,Home & Garden,586.38,2025-10-17,IN
11883,1312,Food & Beverages,41.33,2025-10-17,DE
10477,1247,Toys,102.92,2025-10-18,BG
11592,1389,Electronics,1337.34,2025-10-18,ES
11350,1393,Sports,308.61,2025-10-21,JP
11438,1469,Food & Beverages,64.98,2025-10-21,AT
11503,1067,Home & Garden,520.7,2025-10-21,JP
10107,1086,Electronics,1148.28,2025-10-22,BG
10137,1326,Office Supplies,106.47,2025-10-22,GR
10197,1162,Clothing,73.23,2025-10-22,BG
11041,1395,Beauty,73.55,2025-10-22,FR
11780,1034,Clothing,134.52,2025-10-22,US
11926,1324,Electronics,1410.07,2025-10-22,GR
10763,1224,Beauty,58.98,2025-10-23,BG
10981,1470,Food & Beverages,80.74,2025-10-23,BG
11644,1456,Food & Beverages,74.91,2025-10-23,BG
10525,1316,Office Supplies,130.81,2025-10-24,US
10625,1246,Home & Garden,362.66,2025-10-24,BG
11138,1206,Electronics,1282.93,2025-10-24,JP
11518,1080,Food & Beverages,55.09,2025-10-24,GB
10574,1152,Clothing,85.04,2025-10-25,RO
11058,1065,Clothing,17.73,2025-10-25,DE
11116,1067,Beauty,135.4,2025-10-25,JP
11553,1284,Books,27.29,2025-10-25,BG
10180,1129,Books,34.77,2025-10-26,BG
10465,1354,Food & Beverages,80.99,2025-10-26,BR
11540,1440,Electronics,458.0,2025-10-26,IT
11600,1334,Food & Beverages,71.26,2025-10-26,RO
10051,1154,Books,55.07,2025-10-27,GB
10090,1226,Toys,70.29,2025-10-28,IN
11923,1326,Toys,107.5,2025-10-28,GR
11669,1052,Home & Garden,462.53,2025-10-29,BG
10952,1026,Clothing,49.84,2025-10-30,BG
10440,1025,Electronics,1340.84,2025-10-31,DE
10486,1162,Books,78.61,2025-10-31,BG
10615,1335,Beauty,80.68,2025-10-31,GB
11150,1208,Books,23.24,2025-10-31,RO
11508,1199,Beauty,65.57,2025-10-31,DE
10673,1087,Electronics,751.49,2025-11-01,US
11940,1397,Beauty,110.69,2025-11-01,JP
10161,1471,Electronics,1985.35,2025-11-02,IT
10290,1499,Clothing,38.53,2025-11-03,BG
11113,1048,Electronics,1880.09,2025-11-03,RO
11558,1113,Toys,139.04,2025-11-03,BR
10219,1312,Electronics,653.12,2025-11-04,DE
10101,1325,Sports,115.76,2025-11-05,AT
11840,1376,Beauty,98.07,2025-11-05,RO
10642,1258,Books,14.71,2025-11-06,DE
10659,1177,Beauty,150.33,2025-11-06,IN
10941,1468,Toys,89.17,2025-11-06,IN
11320,1022,Home & Garden,82.53,2025-11-06,JP
11861,1025,Office Supplies,99.02,2025-11-06,DE
11973,1124,Home & Garden,142.75,2025-11-06,IT
10069,1222,Clothing,174.73,2025-11-07,IT
11043,1455,Electronics,1526.3,2025-11-07,BG
11118,1095,Sports,135.46,2025-11-07,AT
11524,1218,Beauty,29.76,2025-11-07,GB
11962,1352,Food & Beverages,53.92,2025-11-07,US
10444,1356,Electronics,637.18,2025-11-08,BR
10630,1307,Electronics,1763.09,2025-11-08,US
11377,1183,Beauty,78.04,2025-11-08,BR
11526,1042,Office Supplies,10.31,2025-11-08,IN
10395,1204,Books,8.53,2025-11-09,GB
10881,1035,Beauty,136.15,2025-11-09,GB
11430,1011,Electronics,1690.87,2025-11-09,JP
10545,1179,Home & Garden,532.37,2025-11-10,BG
10699,1472,Books,56.66,2025-11-10,GR
10877,1010,Beauty,121.6,2025-11-10,GR
11073,1046,Home & Garden,294.02,2025-11-10,IN
11830,1159,Beauty,165.76,2025-11-11,FR
11868,1113,Books,65.38,2025-11-11,BR
11246,1336,Toys,78.06,2025-11-12,FR
11993,1076,Sports,79.7,2025-11-12,DE
11351,1483,Beauty,78.95,2025-11-13,FR
10517,1288,Food & Beverages,60.37,2025-11-14,US
11120,1394,Beauty,142.14,2025-11-14,DE
11640,1326,Food & Beverages,77.36,2025-11-14,GR
10876,1374,Clothing,178.34,2025-11-15,PL
10474,1269,Home & Garden,587.18,2025-11-16,BG
10316,1086,Books,67.16,2025-11-17,BG
11019,1171,Home & Garden,433.48,2025-11-17,IN
11057,1431,Beauty,41.0,2025-11-17,FR
11473,1242,Toys,149.54,2025-11-17,PL
11643,1174,Office Supplies,14.51,2025-11-17,BG
11976,1113,Sports,274.72,2025-11-17,BR
10583,1237,Office Supplies,18.39,2025-11-18,GB
10585,1250,Toys,60.0,2025-11-18,JP
11008,1273,Toys,118.19,2025-11-18,BR
11431,1410,Electronics,1396.83,2025-11-18,RO
11691,1042,Books,46.78,2025-11-18,IN
11857,1274,Beauty,43.67,2025-11-18,JP
10002,1120,Toys,90.85,2025-11-19,JP
10514,1108,Sports,282.48,2025-11-19,PL
10235,1293,Toys,26.72,2025-11-20,DE
10691,1128,Sports,59.88,2025-11-20,RO
10854,1258,Home & Garden,108.85,2025-11-20,DE
11560,1200,Beauty,168.62,2025-11-20,ES
11970,1408,Books,29.7,2025-11-20,BG
11668,1138,Office Supplies,144.81,2025-11-22,BG
11736,1052,Toys,101.13,2025-11-22,BG
10163,1165,Home & Garden,461.65,2025-11-23,DE
10350,1258,Office Supplies,121.66,2025-11-24,DE
10387,1439,Home & Garden,395.48,2025-11-24,IN
11107,1376,Home & Garden,321.57,2025-11-24,RO
10473,1134,Toys,11.73,2025-11-25,FR
10643,1067,Office Supplies,125.51,2025-11-25,JP
10985,1428,Office Supplies,50.51,2025-11-25,GB
11151,1342,Office Supplies,73.09,2025-11-25,JP
11046,1450,Toys,51.96,2025-11-26,JP
11357,1498,Clothing,104.92,2025-11-26,BG
11497,1014,Sports,280.49,2025-11-27,ES
11711,1222,Beauty,63.52,2025-11-27,IT
10782,1267,Home & Garden,294.24,2025-11-28,BG
11045,1316,Food & Beverages,23.59,2025-11-28,US
11708,1348,Office Supplies,95.25,2025-11-28,DE
11927,1076,Sports,252.04,2025-11-28,DE
10550,1471,Home & Garden,576.16,2025-11-29,IT
11241,1267,Electronics,621.68,2025-11-29,BG
10353,1065,Electronics,875.58,2025-11-30,DE
10533,1151,Food & Beverages,21.86,2025-11-30,BG
10694,1138,Clothing,237.57,2025-11-30,BG
10809,1420,Beauty,47.7,2025-11-30,IN
11101,1196,Toys,144.65,2025-11-30,BG
11427,1163,Office Supplies,68.18,2025-11-30,DE
11799,1101,Toys,45.0,2025-11-30,JP
10470,1399,Toys,95.59,2025-12-01,RO
10898,1335,Clothing,151.54,2025-12-01,GB
11022,1240,Books,40.8,2025-12-01,NL
11161,1173,Beauty,72.96,2025-12-01,IT
10033,1256,Office Supplies,100.95,2025-12-02,BG
11110,1211,Books,45.82,2025-12-02,GR
11303,1279,Toys,132.14,2025-12-02,US
11369,1292,Food & Beverages,67.71,2025-12-02,IN
11404,1076,Home & Garden,107.27,2025-12-02,DE
11433,1328,Toys,136.44,2025-12-02,BR
11832,1301,Home & Garden,311.44,2025-12-02,DE
10262,1136,Books,14.51,2025-12-03,FR
10569,1184,Office Supplies,23.07,2025-12-03,IN
10716,1293,Clothing,245.13,2025-12-03,DE
11449,1265,Clothing,214.04,2025-12-03,BG
10433,1306,Office Supplies,55.97,2025-12-04,US
10451,1281,Food & Beverages,91.48,2025-12-05,US
10475,1448,Toys,82.67,2025-12-05,FR
11290,1214,Clothing,130.59,2025-12-05,BG
11881,1069,Toys,34.55,2025-12-05,GB
10310,1418,Clothing,103.92,2025-12-06,BG
10708,1358,Office Supplies,73.33,2025-12-06,RO
10965,1271,Books,42.82,2025-12-06,DE
11135,1277,Home & Garden,21.92,2025-12-06,ES
10839,1439,Toys,13.04,2025-12-07,IN
10846,1089,Food & Beverages,83.44,2025-12-07,BG
10199,1370,Sports,317.11,2025-12-08,US
11219,1441,Books,35.71,2025-12-08,BG
11813,1218,Beauty,155.41,2025-12-08,GB
10956,1083,Sports,254.16,2025-12-09,DE
11978,1372,Food & Beverages,13.59,2025-12-09,US
11211,1043,Office Supplies,114.94,2025-12-10,BG
11236,1318,Toys,121.99,2025-12-10,BG
11253,1094,Clothing,212.24,2025-12-10,FR
11297,1075,Toys,74.55,2025-12-10,RO
11707,1099,Electronics,1984.31,2025-12-10,GB
10134,1157,Books,21.18,2025-12-11,GB
10245,1120,Office Supplies,57.19,2025-12-11,JP
10515,1068,Clothing,133.41,2025-12-11,US
11033,1197,Books,32.53,2025-12-11,JP
11316,1015,Books,24.01,2025-12-11,US
11728,1470,Electronics,785.92,2025-12-11,BG
11880,1167,Beauty,139.45,2025-12-11,BG
10022,1383,Food & Beverages,91.87,2025-12-13,IT
10185,1349,Food & Beverages,5.88,2025-12-13,US
10466,1454,Clothing,41.57,2025-12-13,ES
10526,1288,Beauty,56.67,2025-12-13,US
10931,1058,Clothing,198.0,2025-12-13,FR
11062,1441,Food & Beverages,89.89,2025-12-13,BG
11117,1290,Clothing,225.56,2025-12-13,AT
11895,1465,Home & Garden,484.84,2025-12-13,AT
10116,1244,Books,39.55,2025-12-14,US
11209,1202,Food & Beverages,81.92,2025-12-14,FR
11693,1424,Toys,64.15,2025-12-14,NL
11860,1458,Office Supplies,38.7,2025-12-14,NL
10045,1147,Electronics,1029.32,2025-12-15,ES
10169,1375,Food & Beverages,65.31,2025-12-15,NL
11304,1410,Sports,126.8,2025-12-15,RO
11021,1291,Clothing,36.84,2025-12-16,US
11958,1413,Books,8.22,2025-12-16,GR
10660,1061,Home & Garden,279.03,2025-12-17,BG
11960,1445,Office Supplies,47.68,2025-12-17,GR
10741,1339,Sports,377.66,2025-12-18,DE
10559,1428,Books,22.8,2025-12-20,GB
10827,1393,Toys,104.43,2025-12-20,JP
10158,1276,Clothing,91.06,2025-12-21,RO
10676,1208,Home & Garden,320.29,2025-12-21,RO
10302,1031,Electronics,338.04,2025-12-22,DE
10530,1425,Home & Garden,548.66,2025-12-22,RO
10921,1314,Office Supplies,82.58,2025-12-22,BG
11012,1282,Toys,47.95,2025-12-22,BR
11017,1045,Beauty,85.68,2025-12-22,NL
11528,1024,Books,37.97,2025-12-22,NL
11884,1380,Home & Garden,311.98,2025-12-22,BR
10131,1317,Clothing,206.23,2025-12-23,GR
11262,1500,Office Supplies,55.04,2025-12-23,FR
11651,1141,Home & Garden,162.27,2025-12-23,JP
11700,1144,Food & Beverages,90.93,2025-12-24,DE
11995,1258,Books,27.69,2025-12-24,DE
10011,1124,Home & Garden,194.43,2025-12-25,IT
10220,1380,Clothing,43.07,2025-12-25,BR
10541,1282,Toys,20.2,2025-12-25,BR
11684,1326,Sports,392.37,2025-12-25,GR
11470,1352,Home & Garden,433.73,2025-12-26,US
10375,1406,Clothing,30.42,2025-12-27,GB
11696,1389,Sports,280.21,2025-12-27,ES
10162,1065,Clothing,73.67,2025-12-29,DE
10512,1154,Office Supplies,130.22,2025-12-29,GB
10935,1129,Toys,106.84,2025-12-29,BG
11036,1089,Books,61.23,2025-12-29,BG
11053,1222,Beauty,129.54,2025-12-29,IT
11559,1240,Clothing,222.55,2025-12-29,NL
10060,1009,Home & Garden,360.48,2025-12-30,US
10886,1257,Food & Beverages,58.27,2025-12-30,BR
11310,1315,Office Supplies,128.14,2025-12-30,IN
10284,1407,Electronics,1979.34,2025-12-31,IN
10405,1299,Home & Garden,219.04,2025-12-31,DE
11001,1106,Electronics,945.77,2025-12-31,BG
11349,1372,Food & Beverages,31.46,2025-12-31,US
11517,1347,Home & Garden,395.61,2025-12-31,BG
11593,1078,Electronics,1956.58,2025-12-31,DE
11853,1043,Office Supplies,101.3,2025-12-31,BG
