customer_id,customer_name,email,signup_date
2001,James Lewis,james.lewis@outlook.com,2018-01-01
2002,John White,john.white@yahoo.com,2018-01-02
2003,William Johnson,william.johnson@outlook.com,2018-01-03
2004,Joseph Lee,joseph.lee@gmail.com,2018-01-04
2005,John Lee,john.lee@yahoo.com,2018-01-05
2006,Olivia Harris,olivia.harris@icloud.com,2018-01-06
2007,Isabella Lee,isabella.lee@outlook.com,2018-01-07
2008,Isabella Walker,isabella.walker@icloud.com,2018-01-08
2009,Anna Lewis,anna.lewis@gmail.com,2018-01-09
2010,Emily Walker,emily.walker@outlook.com,2018-01-10
2011,Emily Martinez,emily.martinez@gmail.com,2018-01-11
2012,Isabella Brown,isabella.brown@gmail.com,2018-01-12
2013,David Robinson,david.robinson@gmail.com,2018-01-13
2014,Olivia Johnson,olivia.johnson@outlook.com,2018-01-14
2015,John Clark,john.clark@outlook.com,2018-01-15
2016,Robert Thomas,robert.thomas@gmail.com,2018-01-16
2017,Emma Rodriguez,emma.rodriguez@gmail.com,2018-01-17
2018,Emma Thompson,emma.thompson@gmail.com,2018-01-18
2019,David Rodriguez,david.rodriguez@gmail.com,2018-01-19
2020,David Anderson,david.anderson@gmail.com,2018-01-20
2021,Andrew Smith,andrew.smith@outlook.com,2018-01-21
2022,James Hall,james.hall@gmail.com,2018-01-22
2023,John Lee,john.lee@icloud.com,2018-01-23
2024,James Hall,james.hall@outlook.com,2018-01-24
2025,Andrew Anderson,andrew.anderson@outlook.com,2018-01-25
2026,Michael Thompson,michael.thompson@gmail.com,2018-01-26
2027,Sophia Smith,sophia.smith@outlook.com,2018-01-27
2028,Jessica Smith,jessica.smith@yahoo.com,2018-01-28
2029,Jane Anderson,jane.anderson@hotmail.com,2018-01-29
2030,John Rodriguez,john.rodriguez@icloud.com,2018-01-30
2031,Anna Walker,anna.walker@outlook.com,2018-01-31
2032,Emily Martin,emily.martin@icloud.com,2018-02-01
2033,Daniel Robinson,daniel.robinson@hotmail.com,2018-02-02
2034,Jane Johnson,jane.johnson@gmail.com,2018-02-03
2035,James Lee,james.lee@icloud.com,2018-02-04
2036,Michael Jackson,michael.jackson@outlook.com,2018-02-05
2037,William Brown,william.brown@outlook.com,2018-02-06
2038,Isabella White,isabella.white@hotmail.com,2018-02-07
2039,James Johnson,james.johnson@yahoo.com,2018-02-08
2040,Sarah Walker,sarah.walker@yahoo.com,2018-02-09
2041,Jane Walker,jane.walker@hotmail.com,2018-02-10
2042,Isabella Garcia,isabella.garcia@yahoo.com,2018-02-11
2043,William Garcia,william.garcia@outlook.com,2018-02-12
2044,Jessica Clark,jessica.clark@icloud.com,2018-02-13
2045,Emily Martinez,emily.martinez@outlook.com,2018-02-14
2046,Emma Smith,emma.smith@outlook.com,2018-02-15
2047,Emma Taylor,emma.taylor@hotmail.com,2018-02-16
2048,Mia Garcia,mia.garcia@yahoo.com,2018-02-17
2049,Michael Walker,michael.walker@outlook.com,2018-02-18
2050,Sarah Jackson,sarah.jackson@outlook.com,2018-02-19
2051,James Smith,james.smith@outlook.com,2018-02-20
2052,Sophia Walker,sophia.walker@yahoo.com,2018-02-21
2053,William Harris,william.harris@outlook.com,2018-02-22
2054,Jane Johnson,jane.johnson@hotmail.com,2018-02-23
2055,Mia White,mia.white@outlook.com,2018-02-24
2056,Andrew Walker,andrew.walker@icloud.com,2018-02-25
2057,Daniel Johnson,daniel.johnson@icloud.com,2018-02-26
2058,Matthew Walker,matthew.walker@icloud.com,2018-02-27
2059,Isabella White,isabella.white@outlook.com,2018-02-28
2060,Daniel Johnson,daniel.johnson@gmail.com,2018-03-01
2061,Matthew Robinson,matthew.robinson@gmail.com,2018-03-02
2062,Olivia Harris,olivia.harris@hotmail.com,2018-03-03
2063,Matthew White,matthew.white@yahoo.com,2018-03-04
2064,Jane Robinson,jane.robinson@icloud.com,2018-03-05
2065,Matthew Thompson,matthew.thompson@yahoo.com,2018-03-06
2066,Sophia Taylor,sophia.taylor@outlook.com,2018-03-07
2067,Sarah Thomas,sarah.thomas@gmail.com,2018-03-08
2068,Andrew Clark,andrew.clark@icloud.com,2018-03-09
2069,Mia Walker,mia.walker@yahoo.com,2018-03-10
2070,Sophia Brown,sophia.brown@icloud.com,2018-03-11
2071,Sarah Martin,sarah.martin@icloud.com,2018-03-12
2072,Emma Smith,emma.smith@yahoo.com,2018-03-13
2073,Olivia Lee,olivia.lee@hotmail.com,2018-03-14
2074,Emily White,emily.white@hotmail.com,2018-03-15
2075,Jane Walker,jane.walker@outlook.com,2018-03-16
2076,Olivia Anderson,olivia.anderson@yahoo.com,2018-03-17
2077,Emily Taylor,emily.taylor@icloud.com,2018-03-18
2078,James Johnson,james.johnson@icloud.com,2018-03-19
2079,Matthew Lee,matthew.lee@yahoo.com,2018-03-20
2080,David Martinez,david.martinez@hotmail.com,2018-03-21
2081,Andrew Taylor,andrew.taylor@outlook.com,2018-03-22
2082,Daniel Johnson,daniel.johnson@hotmail.com,2018-03-23
2083,Michael Lewis,michael.lewis@gmail.com,2018-03-24
2084,Olivia Anderson,olivia.anderson@icloud.com,2018-03-25
2085,Mia Smith,mia.smith@gmail.com,2018-03-26
2086,Michael Brown,michael.brown@yahoo.com,2018-03-27
2087,Jane Martinez,jane.martinez@icloud.com,2018-03-28
2088,John Martinez,john.martinez@outlook.com,2018-03-29
2089,Sophia Johnson,sophia.johnson@gmail.com,2018-03-30
2090,James Smith,james.smith@gmail.com,2018-03-31
2091,Joseph Lee,joseph.lee@yahoo.com,2018-04-01
2092,Andrew Anderson,andrew.anderson@icloud.com,2018-04-02
2093,Joseph Thomas,joseph.thomas@icloud.com,2018-04-03
2094,Robert Rodriguez,robert.rodriguez@yahoo.com,2018-04-04
2095,Emily Clark,emily.clark@yahoo.com,2018-04-05
2096,Sarah Robinson,sarah.robinson@gmail.com,2018-04-06
2097,Emma White,emma.white@icloud.com,2018-04-07
2098,Olivia Thompson,olivia.thompson@hotmail.com,2018-04-08
2099,William White,william.white@outlook.com,2018-04-09
2100,Olivia Brown,olivia.brown@gmail.com,2018-04-10
2101,Olivia Martin,olivia.martin@gmail.com,2018-04-11
2102,Jessica Anderson,jessica.anderson@hotmail.com,2018-04-12
2103,Isabella Rodriguez,isabella.rodriguez@icloud.com,2018-04-13
2104,James Hall,james.hall@outlook.com,2018-04-14
2105,Jessica Robinson,jessica.robinson@hotmail.com,2018-04-15
2106,Mia Clark,mia.clark@outlook.com,2018-04-16
2107,Robert Smith,robert.smith@icloud.com,2018-04-17
2108,Emily Taylor,emily.taylor@yahoo.com,2018-04-18
2109,Andrew Hall,andrew.hall@yahoo.com,2018-04-19
2110,Andrew Walker,andrew.walker@outlook.com,2018-04-20
2111,Joseph Robinson,joseph.robinson@icloud.com,2018-04-21
2112,William Thompson,william.thompson@outlook.com,2018-04-22
2113,Olivia Martin,olivia.martin@icloud.com,2018-04-23
2114,David Lewis,david.lewis@icloud.com,2018-04-24
2115,James Lee,james.lee@hotmail.com,2018-04-25
2116,Jessica Hall,jessica.hall@hotmail.com,2018-04-26
2117,Matthew Thompson,matthew.thompson@gmail.com,2018-04-27
2118,Robert Johnson,robert.johnson@gmail.com,2018-04-28
2119,Mia Walker,mia.walker@yahoo.com,2018-04-29
2120,Mia Thomas,mia.thomas@gmail.com,2018-04-30
2121,Sarah Smith,sarah.smith@yahoo.com,2018-05-01
2122,Mia Brown,mia.brown@icloud.com,2018-05-02
2123,William Garcia,william.garcia@gmail.com,2018-05-03
2124,David Harris,david.harris@outlook.com,2018-05-04
2125,Anna Martinez,anna.martinez@icloud.com,2018-05-05
2126,William Martin,william.martin@gmail.com,2018-05-06
2127,Sophia Thompson,sophia.thompson@gmail.com,2018-05-07
2128,William Thomas,william.thomas@gmail.com,2018-05-08
2129,Isabella Lee,isabella.lee@gmail.com,2018-05-09
2130,Emily Smith,emily.smith@yahoo.com,2018-05-10
2131,Isabella Rodriguez,isabella.rodriguez@icloud.com,2018-05-11
2132,David Rodriguez,david.rodriguez@outlook.com,2018-05-12
2133,John Johnson,john.johnson@hotmail.com,2018-05-13
2134,Joseph Lewis,joseph.lewis@hotmail.com,2018-05-14
2135,James Walker,james.walker@outlook.com,2018-05-15
2136,Joseph Taylor,joseph.taylor@hotmail.com,2018-05-16
2137,Jessica Garcia,jessica.garcia@yahoo.com,2018-05-17
2138,Sarah Anderson,sarah.anderson@icloud.com,2018-05-18
2139,David Lewis,david.lewis@yahoo.com,2018-05-19
2140,Robert Thomas,robert.thomas@gmail.com,2018-05-20
2141,David Harris,david.harris@gmail.com,2018-05-21
2142,Olivia Anderson,olivia.anderson@hotmail.com,2018-05-22
2143,Anna Garcia,anna.garcia@outlook.com,2018-05-23
2144,Matthew White,matthew.white@yahoo.com,2018-05-24
2145,Joseph Anderson,joseph.anderson@yahoo.com,2018-05-25
2146,Andrew Walker,andrew.walker@icloud.com,2018-05-26
2147,Emma Walker,emma.walker@icloud.com,2018-05-27
2148,James Garcia,james.garcia@hotmail.com,2018-05-28
2149,Matthew Anderson,matthew.anderson@yahoo.com,2018-05-29
2150,Andrew Lewis,andrew.lewis@gmail.com,2018-05-30
2151,Anna Taylor,anna.taylor@gmail.com,2018-05-31
2152,Mia Thomas,mia.thomas@outlook.com,2018-06-01
2153,Jane Lee,jane.lee@yahoo.com,2018-06-02
2154,Mia Brown,mia.brown@icloud.com,2018-06-03
2155,Anna Martinez,anna.martinez@icloud.com,2018-06-04
2156,Sarah Thomas,sarah.thomas@yahoo.com,2018-06-05
2157,David Walker,david.walker@gmail.com,2018-06-06
2158,Andrew Martin,andrew.martin@gmail.com,2018-06-07
2159,Michael Rodriguez,michael.rodriguez@hotmail.com,2018-06-08
2160,Andrew Garcia,andrew.garcia@gmail.com,2018-06-09
2161,Andrew Johnson,andrew.johnson@hotmail.com,2018-06-10
2162,Olivia Harris,olivia.harris@yahoo.com,2018-06-11
2163,James Lee,james.lee@hotmail.com,2018-06-12
2164,James Clark,james.clark@gmail.com,2018-06-13
2165,James Robinson,james.robinson@outlook.com,2018-06-14
2166,Andrew Thomas,andrew.thomas@outlook.com,2018-06-15
2167,Joseph Rodriguez,joseph.rodriguez@outlook.com,2018-06-16
2168,Emily Martinez,emily.martinez@yahoo.com,2018-06-17
2169,James Walker,james.walker@outlook.com,2018-06-18
2170,Jane Harris,jane.harris@yahoo.com,2018-06-19
2171,James Lewis,james.lewis@outlook.com,2018-06-20
2172,Anna White,anna.white@outlook.com,2018-06-21
2173,Robert Jackson,robert.jackson@yahoo.com,2018-06-22
2174,Olivia Garcia,olivia.garcia@yahoo.com,2018-06-23
2175,Robert Martinez,robert.martinez@yahoo.com,2018-06-24
2176,Sarah Anderson,sarah.anderson@icloud.com,2018-06-25
2177,Sophia Garcia,sophia.garcia@outlook.com,2018-06-26
2178,Anna Thompson,anna.thompson@yahoo.com,2018-06-27
2179,Mia Jackson,mia.jackson@icloud.com,2018-06-28
2180,Jane Robinson,jane.robinson@hotmail.com,2018-06-29
2181,Isabella Smith,isabella.smith@outlook.com,2018-06-30
2182,Daniel Garcia,daniel.garcia@outlook.com,2018-07-01
2183,Daniel Harris,daniel.harris@icloud.com,2018-07-02
2184,James Thompson,james.thompson@yahoo.com,2018-07-03
2185,William Anderson,william.anderson@outlook.com,2018-07-04
2186,Mia Thomas,mia.thomas@yahoo.com,2018-07-05
2187,Isabella Clark,isabella.clark@hotmail.com,2018-07-06
2188,Sarah Taylor,sarah.taylor@hotmail.com,2018-07-07
2189,Emily Taylor,emily.taylor@yahoo.com,2018-07-08
2190,John Thompson,john.thompson@yahoo.com,2018-07-09
2191,Andrew Brown,andrew.brown@yahoo.com,2018-07-10
2192,James Lee,james.lee@outlook.com,2018-07-11
2193,Jessica Walker,jessica.walker@hotmail.com,2018-07-12
2194,Joseph Smith,joseph.smith@gmail.com,2018-07-13
2195,Joseph Harris,joseph.harris@yahoo.com,2018-07-14
2196,Jane Clark,jane.clark@gmail.com,2018-07-15
2197,Mia Taylor,mia.taylor@hotmail.com,2018-07-16
2198,Jane Johnson,jane.johnson@hotmail.com,2018-07-17
2199,William Garcia,william.garcia@yahoo.com,2018-07-18
2200,John White,john.white@yahoo.com,2018-07-19
2201,Jane Thompson,jane.thompson@yahoo.com,2018-07-20
2202,William Lee,william.lee@icloud.com,2018-07-21
2203,Isabella Lewis,isabella.lewis@hotmail.com,2018-07-22
2204,William Lee,william.lee@gmail.com,2018-07-23
2205,Mia Clark,mia.clark@yahoo.com,2018-07-24
2206,Joseph Martinez,joseph.martinez@yahoo.com,2018-07-25
2207,Mia Garcia,mia.garcia@icloud.com,2018-07-26
2208,Sophia Lewis,sophia.lewis@gmail.com,2018-07-27
2209,Isabella White,isabella.white@yahoo.com,2018-07-28
2210,Daniel White,daniel.white@outlook.com,2018-07-29
2211,Olivia Rodriguez,olivia.rodriguez@icloud.com,2018-07-30
2212,Sophia Lee,sophia.lee@hotmail.com,2018-07-31
2213,Mia Thompson,mia.thompson@hotmail.com,2018-08-01
2214,John Hall,john.hall@outlook.com,2018-08-02
2215,Isabella White,isabella.white@icloud.com,2018-08-03
2216,Michael Johnson,michael.johnson@yahoo.com,2018-08-04
2217,John White,john.white@hotmail.com,2018-08-05
2218,Michael Martinez,michael.martinez@yahoo.com,2018-08-06
2219,James Thompson,james.thompson@outlook.com,2018-08-07
2220,Michael Thomas,michael.thomas@outlook.com,2018-08-08
2221,Sophia Martin,sophia.martin@icloud.com,2018-08-09
2222,Mia Brown,mia.brown@gmail.com,2018-08-10
2223,Jessica Lee,jessica.lee@hotmail.com,2018-08-11
2224,Sarah Lewis,sarah.lewis@hotmail.com,2018-08-12
2225,James Jackson,james.jackson@yahoo.com,2018-08-13
2226,Isabella White,isabella.white@icloud.com,2018-08-14
2227,Isabella Garcia,isabella.garcia@outlook.com,2018-08-15
2228,Olivia Hall,olivia.hall@icloud.com,2018-08-16
2229,Jessica Taylor,jessica.taylor@outlook.com,2018-08-17
2230,John Taylor,john.taylor@gmail.com,2018-08-18
2231,Isabella Anderson,isabella.anderson@outlook.com,2018-08-19
2232,Daniel Clark,daniel.clark@icloud.com,2018-08-20
2233,John Garcia,john.garcia@gmail.com,2018-08-21
2234,John Smith,john.smith@hotmail.com,2018-08-22
2235,Jessica Thomas,jessica.thomas@outlook.com,2018-08-23
2236,Jessica Walker,jessica.walker@hotmail.com,2018-08-24
2237,Anna Walker,anna.walker@hotmail.com,2018-08-25
2238,Michael Martinez,michael.martinez@outlook.com,2018-08-26
2239,Sarah Anderson,sarah.anderson@yahoo.com,2018-08-27
2240,Daniel Walker,daniel.walker@yahoo.com,2018-08-28
2241,Jane Garcia,jane.garcia@outlook.com,2018-08-29
2242,Emily Martin,emily.martin@yahoo.com,2018-08-30
2243,Matthew Thompson,matthew.thompson@icloud.com,2018-08-31
2244,Isabella Anderson,isabella.anderson@gmail.com,2018-09-01
2245,Mia Johnson,mia.johnson@gmail.com,2018-09-02
2246,Emily Smith,emily.smith@yahoo.com,2018-09-03
2247,Michael Clark,michael.clark@yahoo.com,2018-09-04
2248,Michael Garcia,michael.garcia@hotmail.com,2018-09-05
2249,Joseph Lewis,joseph.lewis@outlook.com,2018-09-06
2250,Olivia Robinson,olivia.robinson@outlook.com,2018-09-07
2251,Anna Harris,anna.harris@yahoo.com,2018-09-08
2252,Jane Thomas,jane.thomas@hotmail.com,2018-09-09
2253,Isabella Smith,isabella.smith@outlook.com,2018-09-10
2254,Emma White,emma.white@hotmail.com,2018-09-11
2255,Olivia Martin,olivia.martin@yahoo.com,2018-09-12
2256,Daniel Taylor,daniel.taylor@yahoo.com,2018-09-13
2257,Anna Lewis,anna.lewis@icloud.com,2018-09-14
2258,Sophia Thomas,sophia.thomas@icloud.com,2018-09-15
2259,William Rodriguez,william.rodriguez@hotmail.com,2018-09-16
2260,Olivia Martinez,olivia.martinez@outlook.com,2018-09-17
2261,David Rodriguez,david.rodriguez@gmail.com,2018-09-18
2262,Sophia Taylor,sophia.taylor@outlook.com,2018-09-19
2263,Jane Garcia,jane.garcia@outlook.com,2018-09-20
2264,Michael Thompson,michael.thompson@gmail.com,2018-09-21
2265,Emily Martinez,emily.martinez@icloud.com,2018-09-22
2266,Emma Garcia,emma.garcia@hotmail.com,2018-09-23
2267,Michael Jackson,michael.jackson@yahoo.com,2018-09-24
2268,Michael Hall,michael.hall@hotmail.com,2018-09-25
2269,Andrew Martinez,andrew.martinez@gmail.com,2018-09-26
2270,Michael Jackson,michael.jackson@yahoo.com,2018-09-27
2271,Emily Robinson,emily.robinson@gmail.com,2018-09-28
2272,Sarah Harris,sarah.harris@yahoo.com,2018-09-29
2273,Michael Thomas,michael.thomas@icloud.com,2018-09-30
2274,Daniel Martinez,daniel.martinez@yahoo.com,2018-10-01
2275,Sophia Martin,sophia.martin@icloud.com,2018-10-02
2276,Emma Harris,emma.harris@outlook.com,2018-10-03
2277,Jessica Anderson,jessica.anderson@outlook.com,2018-10-04
2278,James Martin,james.martin@hotmail.com,2018-10-05
2279,Emily Jackson,emily.jackson@icloud.com,2018-10-06
2280,Anna Harris,anna.harris@yahoo.com,2018-10-07
2281,Daniel Brown,daniel.brown@hotmail.com,2018-10-08
2282,Michael Hall,michael.hall@outlook.com,2018-10-09
2283,John Clark,john.clark@hotmail.com,2018-10-10
2284,Anna Thomas,anna.thomas@yahoo.com,2018-10-11
2285,Matthew Lewis,matthew.lewis@icloud.com,2018-10-12
2286,Jane Martin,jane.martin@yahoo.com,2018-10-13
2287,Sarah Garcia,sarah.garcia@gmail.com,2018-10-14
2288,John Smith,john.smith@hotmail.com,2018-10-15
2289,Michael Lewis,michael.lewis@hotmail.com,2018-10-16
2290,Anna Hall,anna.hall@icloud.com,2018-10-17
2291,Jessica Lee,jessica.lee@hotmail.com,2018-10-18
2292,Michael Martinez,michael.martinez@hotmail.com,2018-10-19
2293,Olivia Martinez,olivia.martinez@hotmail.com,2018-10-20
2294,Olivia Walker,olivia.walker@outlook.com,2018-10-21
2295,Emma Martinez,emma.martinez@gmail.com,2018-10-22
2296,Isabella Clark,isabella.clark@icloud.com,2018-10-23
2297,Mia Hall,mia.hall@outlook.com,2018-10-24
2298,Andrew Clark,andrew.clark@yahoo.com,2018-10-25
2299,Robert Walker,robert.walker@yahoo.com,2018-10-26
2300,John Lee,john.lee@icloud.com,2018-10-27
2301,Mia Walker,mia.walker@gmail.com,2018-10-28
2302,John Thomas,john.thomas@outlook.com,2018-10-29
2303,Isabella Smith,isabella.smith@hotmail.com,2018-10-30
2304,Mia Hall,mia.hall@icloud.com,2018-10-31
2305,Sarah Martinez,sarah.martinez@hotmail.com,2018-11-01
2306,James Taylor,james.taylor@icloud.com,2018-11-02
2307,Sarah Garcia,sarah.garcia@gmail.com,2018-11-03
2308,Emily Thomas,emily.thomas@yahoo.com,2018-11-04
2309,Andrew Clark,andrew.clark@outlook.com,2018-11-05
2310,Sarah Taylor,sarah.taylor@gmail.com,2018-11-06
2311,Robert Rodriguez,robert.rodriguez@outlook.com,2018-11-07
2312,David Jackson,david.jackson@yahoo.com,2018-11-08
2313,William Smith,william.smith@icloud.com,2018-11-09
2314,Joseph Harris,joseph.harris@gmail.com,2018-11-10
2315,Isabella Martinez,isabella.martinez@yahoo.com,2018-11-11
2316,Daniel White,daniel.white@gmail.com,2018-11-12
2317,Daniel Rodriguez,daniel.rodriguez@gmail.com,2018-11-13
2318,Joseph Brown,joseph.brown@gmail.com,2018-11-14
2319,Jessica Jackson,jessica.jackson@icloud.com,2018-11-15
2320,Matthew Lee,matthew.lee@outlook.com,2018-11-16
2321,Olivia Taylor,olivia.taylor@icloud.com,2018-11-17
2322,Andrew Hall,andrew.hall@hotmail.com,2018-11-18
2323,John Clark,john.clark@gmail.com,2018-11-19
2324,Emma Thomas,emma.thomas@yahoo.com,2018-11-20
2325,John Thompson,john.thompson@hotmail.com,2018-11-21
2326,Andrew Anderson,andrew.anderson@gmail.com,2018-11-22
2327,James Jackson,james.jackson@hotmail.com,2018-11-23
2328,Sarah Walker,sarah.walker@yahoo.com,2018-11-24
2329,David Martinez,david.martinez@gmail.com,2018-11-25
2330,Sarah Smith,sarah.smith@icloud.com,2018-11-26
2331,Matthew Taylor,matthew.taylor@yahoo.com,2018-11-27
2332,Joseph Johnson,joseph.johnson@gmail.com,2018-11-28
2333,Emily Brown,emily.brown@outlook.com,2018-11-29
2334,William Smith,william.smith@outlook.com,2018-11-30
2335,David Martin,david.martin@yahoo.com,2018-12-01
2336,Mia Lewis,mia.lewis@yahoo.com,2018-12-02
2337,Michael White,michael.white@yahoo.com,2018-12-03
2338,John Anderson,john.anderson@gmail.com,2018-12-04
2339,Sarah Hall,sarah.hall@gmail.com,2018-12-05
2340,Michael Garcia,michael.garcia@icloud.com,2018-12-06
2341,Mia Smith,mia.smith@gmail.com,2018-12-07
2342,Michael Lewis,michael.lewis@gmail.com,2018-12-08
2343,Mia Clark,mia.clark@yahoo.com,2018-12-09
2344,Daniel Garcia,daniel.garcia@outlook.com,2018-12-10
2345,Andrew Thompson,andrew.thompson@icloud.com,2018-12-11
2346,Michael Lewis,michael.lewis@icloud.com,2018-12-12
2347,Joseph Lewis,joseph.lewis@gmail.com,2018-12-13
2348,Emma Lewis,emma.lewis@outlook.com,2018-12-14
2349,Jane Clark,jane.clark@hotmail.com,2018-12-15
2350,Sarah Martin,sarah.martin@yahoo.com,2018-12-16
2351,Olivia Smith,olivia.smith@outlook.com,2018-12-17
2352,Robert Thomas,robert.thomas@gmail.com,2018-12-18
2353,Sarah Rodriguez,sarah.rodriguez@hotmail.com,2018-12-19
2354,Joseph Lee,joseph.lee@yahoo.com,2018-12-20
2355,Sophia Anderson,sophia.anderson@outlook.com,2018-12-21
2356,Sophia Martinez,sophia.martinez@gmail.com,2018-12-22
2357,Daniel Brown,daniel.brown@yahoo.com,2018-12-23
2358,John Hall,john.hall@gmail.com,2018-12-24
2359,Sarah Jackson,sarah.jackson@yahoo.com,2018-12-25
2360,Matthew Taylor,matthew.taylor@icloud.com,2018-12-26
2361,Isabella Rodriguez,isabella.rodriguez@hotmail.com,2018-12-27
2362,Matthew Clark,matthew.clark@hotmail.com,2018-12-28
2363,Andrew Martinez,andrew.martinez@outlook.com,2018-12-29
2364,Mia Taylor,mia.taylor@yahoo.com,2018-12-30
2365,Mia Hall,mia.hall@yahoo.com,2018-12-31
2366,Emma Martin,emma.martin@yahoo.com,2019-01-01
2367,Jessica Garcia,jessica.garcia@gmail.com,2019-01-02
2368,William Hall,william.hall@outlook.com,2019-01-03
2369,Matthew Smith,matthew.smith@outlook.com,2019-01-04
2370,Andrew Robinson,andrew.robinson@outlook.com,2019-01-05
2371,David Walker,david.walker@gmail.com,2019-01-06
2372,Jessica Smith,jessica.smith@hotmail.com,2019-01-07
2373,Isabella Martin,isabella.martin@gmail.com,2019-01-08
2374,David Walker,david.walker@hotmail.com,2019-01-09
2375,Isabella Garcia,isabella.garcia@gmail.com,2019-01-10
2376,Daniel Martinez,daniel.martinez@icloud.com,2019-01-11
2377,Sophia Martinez,sophia.martinez@yahoo.com,2019-01-12
2378,Jane Rodriguez,jane.rodriguez@gmail.com,2019-01-13
2379,Emma Martin,emma.martin@icloud.com,2019-01-14
2380,Andrew Martin,andrew.martin@yahoo.com,2019-01-15
2381,Matthew Taylor,matthew.taylor@gmail.com,2019-01-16
2382,Matthew Anderson,matthew.anderson@gmail.com,2019-01-17
2383,Emma Martin,emma.martin@gmail.com,2019-01-18
2384,William Thomas,william.thomas@gmail.com,2019-01-19
2385,Joseph Lee,joseph.lee@hotmail.com,2019-01-20
2386,Robert Walker,robert.walker@outlook.com,2019-01-21
2387,James Thomas,james.thomas@hotmail.com,2019-01-22
2388,Emily Hall,emily.hall@icloud.com,2019-01-23
2389,Michael Harris,michael.harris@icloud.com,2019-01-24
2390,John Walker,john.walker@yahoo.com,2019-01-25
2391,Andrew Harris,andrew.harris@outlook.com,2019-01-26
2392,Michael Smith,michael.smith@icloud.com,2019-01-27
2393,Jane Taylor,jane.taylor@yahoo.com,2019-01-28
2394,Daniel Garcia,daniel.garcia@yahoo.com,2019-01-29
2395,Anna Rodriguez,anna.rodriguez@yahoo.com,2019-01-30
2396,Daniel Hall,daniel.hall@icloud.com,2019-01-31
2397,Andrew Rodriguez,andrew.rodriguez@outlook.com,2019-02-01
2398,Isabella Hall,isabella.hall@gmail.com,2019-02-02
2399,David Martin,david.martin@yahoo.com,2019-02-03
2400,Sophia Walker,sophia.walker@icloud.com,2019-02-04
2401,David Lewis,david.lewis@outlook.com,2019-02-05
2402,James Martinez,james.martinez@icloud.com,2019-02-06
2403,James Thompson,james.thompson@hotmail.com,2019-02-07
2404,Mia Jackson,mia.jackson@gmail.com,2019-02-08
2405,Olivia Harris,olivia.harris@gmail.com,2019-02-09
2406,David Lewis,david.lewis@outlook.com,2019-02-10
2407,Matthew Rodriguez,matthew.rodriguez@gmail.com,2019-02-11
2408,Anna Jackson,anna.jackson@yahoo.com,2019-02-12
2409,Jane Garcia,jane.garcia@icloud.com,2019-02-13
2410,Sophia Lewis,sophia.lewis@icloud.com,2019-02-14
2411,Jane Brown,jane.brown@yahoo.com,2019-02-15
2412,Olivia Martinez,olivia.martinez@yahoo.com,2019-02-16
2413,Olivia Lee,olivia.lee@gmail.com,2019-02-17
2414,Joseph Taylor,joseph.taylor@yahoo.com,2019-02-18
2415,Matthew Lewis,matthew.lewis@gmail.com,2019-02-19
2416,Michael Jackson,michael.jackson@icloud.com,2019-02-20
2417,Jessica Harris,jessica.harris@icloud.com,2019-02-21
2418,Jane Garcia,jane.garcia@icloud.com,2019-02-22
2419,Olivia Rodriguez,olivia.rodriguez@icloud.com,2019-02-23
2420,Jane Smith,jane.smith@gmail.com,2019-02-24
2421,William Walker,william.walker@gmail.com,2019-02-25
2422,Sarah Robinson,sarah.robinson@icloud.com,2019-02-26
2423,James Hall,james.hall@outlook.com,2019-02-27
2424,Daniel Lewis,daniel.lewis@gmail.com,2019-02-28
2425,Andrew Lee,andrew.lee@gmail.com,2019-03-01
2426,Jessica Thompson,jessica.thompson@hotmail.com,2019-03-02
2427,Jessica White,jessica.white@gmail.com,2019-03-03
2428,Joseph Taylor,joseph.taylor@outlook.com,2019-03-04
2429,Sophia Johnson,sophia.johnson@outlook.com,2019-03-05
2430,Sarah Lewis,sarah.lewis@yahoo.com,2019-03-06
2431,Jessica Lewis,jessica.lewis@gmail.com,2019-03-07
2432,Robert Lee,robert.lee@outlook.com,2019-03-08
2433,Olivia White,olivia.white@gmail.com,2019-03-09
2434,Olivia Brown,olivia.brown@gmail.com,2019-03-10
2435,Sophia Taylor,sophia.taylor@yahoo.com,2019-03-11
2436,Jane Robinson,jane.robinson@outlook.com,2019-03-12
2437,Mia Jackson,mia.jackson@gmail.com,2019-03-13
2438,Robert Smith,robert.smith@outlook.com,2019-03-14
2439,Jessica Anderson,jessica.anderson@outlook.com,2019-03-15
2440,Robert Jackson,robert.jackson@yahoo.com,2019-03-16
2441,David Clark,david.clark@hotmail.com,2019-03-17
2442,Joseph Harris,joseph.harris@gmail.com,2019-03-18
2443,Michael Garcia,michael.garcia@hotmail.com,2019-03-19
2444,Jane Martin,jane.martin@hotmail.com,2019-03-20
2445,Sarah Taylor,sarah.taylor@icloud.com,2019-03-21
2446,Emily Brown,emily.brown@icloud.com,2019-03-22
2447,Sarah Martin,sarah.martin@gmail.com,2019-03-23
2448,William Rodriguez,william.rodriguez@hotmail.com,2019-03-24
2449,James Taylor,james.taylor@yahoo.com,2019-03-25
2450,James Martin,james.martin@icloud.com,2019-03-26
2451,William Martin,william.martin@gmail.com,2019-03-27
2452,Daniel Anderson,daniel.anderson@yahoo.com,2019-03-28
2453,Sarah Walker,sarah.walker@yahoo.com,2019-03-29
2454,Emily Robinson,emily.robinson@yahoo.com,2019-03-30
2455,John Clark,john.clark@yahoo.com,2019-03-31
2456,Andrew Rodriguez,andrew.rodriguez@gmail.com,2019-04-01
2457,Jessica Thompson,jessica.thompson@gmail.com,2019-04-02
2458,William Martin,william.martin@icloud.com,2019-04-03
2459,Emma Taylor,emma.taylor@hotmail.com,2019-04-04
2460,David Johnson,david.johnson@yahoo.com,2019-04-05
2461,Joseph Robinson,joseph.robinson@outlook.com,2019-04-06
2462,Mia Martinez,mia.martinez@gmail.com,2019-04-07
2463,Sophia Thomas,sophia.thomas@yahoo.com,2019-04-08
2464,John Rodriguez,john.rodriguez@hotmail.com,2019-04-09
2465,Matthew Anderson,matthew.anderson@hotmail.com,2019-04-10
2466,Robert Hall,robert.hall@gmail.com,2019-04-11
2467,Andrew Hall,andrew.hall@hotmail.com,2019-04-12
2468,Andrew Anderson,andrew.anderson@hotmail.com,2019-04-13
2469,Mia Jackson,mia.jackson@icloud.com,2019-04-14
2470,Jessica White,jessica.white@gmail.com,2019-04-15
2471,Emma Clark,emma.clark@yahoo.com,2019-04-16
2472,Matthew Johnson,matthew.johnson@hotmail.com,2019-04-17
2473,Isabella Lee,isabella.lee@icloud.com,2019-04-18
2474,David Lee,david.lee@gmail.com,2019-04-19
2475,William Anderson,william.anderson@hotmail.com,2019-04-20
2476,William Harris,william.harris@icloud.com,2019-04-21
2477,Matthew Lewis,matthew.lewis@yahoo.com,2019-04-22
2478,David Walker,david.walker@icloud.com,2019-04-23
2479,William Robinson,william.robinson@outlook.com,2019-04-24
2480,Emma Robinson,emma.robinson@gmail.com,2019-04-25
2481,Jane Clark,jane.clark@gmail.com,2019-04-26
2482,James Lee,james.lee@icloud.com,2019-04-27
2483,Jane White,jane.white@outlook.com,2019-04-28
2484,Andrew Clark,andrew.clark@hotmail.com,2019-04-29
2485,Sarah Taylor,sarah.taylor@icloud.com,2019-04-30
2486,James Rodriguez,james.rodriguez@hotmail.com,2019-05-01
2487,Anna Lewis,anna.lewis@outlook.com,2019-05-02
2488,Jane Brown,jane.brown@gmail.com,2019-05-03
2489,Andrew Jackson,andrew.jackson@icloud.com,2019-05-04
2490,Mia Johnson,mia.johnson@gmail.com,2019-05-05
2491,Anna Thompson,anna.thompson@icloud.com,2019-05-06
2492,Michael Taylor,michael.taylor@yahoo.com,2019-05-07
2493,Sophia Clark,sophia.clark@gmail.com,2019-05-08
2494,Andrew Martin,andrew.martin@hotmail.com,2019-05-09
2495,Jane Walker,jane.walker@yahoo.com,2019-05-10
2496,William Anderson,william.anderson@hotmail.com,2019-05-11
2497,Michael Thomas,michael.thomas@yahoo.com,2019-05-12
2498,Jane Jackson,jane.jackson@outlook.com,2019-05-13
2499,William Clark,william.clark@hotmail.com,2019-05-14
2500,Olivia Hall,olivia.hall@outlook.com,2019-05-15
2501,Olivia Johnson,olivia.johnson@hotmail.com,2019-05-16
2502,Emma Martin,emma.martin@icloud.com,2019-05-17
2503,Sophia Harris,sophia.harris@gmail.com,2019-05-18
2504,Sophia Anderson,sophia.anderson@icloud.com,2019-05-19
2505,Isabella White,isabella.white@outlook.com,2019-05-20
2506,Daniel Johnson,daniel.johnson@outlook.com,2019-05-21
2507,Emma Lee,emma.lee@gmail.com,2019-05-22
2508,John Harris,john.harris@hotmail.com,2019-05-23
2509,Emma Lee,emma.lee@icloud.com,2019-05-24
2510,Emily Harris,emily.harris@yahoo.com,2019-05-25
2511,Michael Lewis,michael.lewis@outlook.com,2019-05-26
2512,Joseph Brown,joseph.brown@hotmail.com,2019-05-27
2513,James Martin,james.martin@outlook.com,2019-05-28
2514,Michael Taylor,michael.taylor@icloud.com,2019-05-29
2515,John Johnson,john.johnson@outlook.com,2019-05-30
2516,Sarah Smith,sarah.smith@outlook.com,2019-05-31
2517,Emily Clark,emily.clark@yahoo.com,2019-06-01
2518,Joseph Garcia,joseph.garcia@hotmail.com,2019-06-02
2519,Joseph Thomas,joseph.thomas@yahoo.com,2019-06-03
2520,Sophia Martin,sophia.martin@yahoo.com,2019-06-04
2521,Isabella Robinson,isabella.robinson@hotmail.com,2019-06-05
2522,Joseph White,joseph.white@yahoo.com,2019-06-06
2523,Joseph Taylor,joseph.taylor@icloud.com,2019-06-07
2524,William Clark,william.clark@gmail.com,2019-06-08
2525,Jessica Taylor,jessica.taylor@icloud.com,2019-06-09
2526,Michael Harris,michael.harris@icloud.com,2019-06-10
2527,Olivia Harris,olivia.harris@gmail.com,2019-06-11
2528,Jane Lee,jane.lee@outlook.com,2019-06-12
2529,David Taylor,david.taylor@outlook.com,2019-06-13
2530,James Lee,james.lee@gmail.com,2019-06-14
2531,James Jackson,james.jackson@hotmail.com,2019-06-15
2532,Jessica Smith,jessica.smith@hotmail.com,2019-06-16
2533,Mia Harris,mia.harris@hotmail.com,2019-06-17
2534,Sarah Lewis,sarah.lewis@gmail.com,2019-06-18
2535,Isabella Smith,isabella.smith@icloud.com,2019-06-19
2536,Andrew Thompson,andrew.thompson@icloud.com,2019-06-20
2537,David Walker,david.walker@gmail.com,2019-06-21
2538,Jessica White,jessica.white@hotmail.com,2019-06-22
2539,Anna White,anna.white@icloud.com,2019-06-23
2540,Isabella Brown,isabella.brown@gmail.com,2019-06-24
2541,William Hall,william.hall@gmail.com,2019-06-25
2542,John Rodriguez,john.rodriguez@hotmail.com,2019-06-26
2543,Isabella Thompson,isabella.thompson@icloud.com,2019-06-27
2544,Emma Thompson,emma.thompson@icloud.com,2019-06-28
2545,Isabella Rodriguez,isabella.rodriguez@outlook.com,2019-06-29
2546,James Thompson,james.thompson@outlook.com,2019-06-30
2547,Anna Johnson,anna.johnson@hotmail.com,2019-07-01
2548,Robert Lee,robert.lee@icloud.com,2019-07-02
2549,Michael Anderson,michael.anderson@hotmail.com,2019-07-03
2550,Isabella Thomas,isabella.thomas@outlook.com,2019-07-04
2551,Mia Clark,mia.clark@hotmail.com,2019-07-05
2552,Matthew Jackson,matthew.jackson@outlook.com,2019-07-06
2553,Andrew Johnson,andrew.johnson@gmail.com,2019-07-07
2554,Matthew Hall,matthew.hall@yahoo.com,2019-07-08
2555,Emma Garcia,emma.garcia@yahoo.com,2019-07-09
2556,Joseph Martinez,joseph.martinez@hotmail.com,2019-07-10
2557,Jessica Thompson,jessica.thompson@yahoo.com,2019-07-11
2558,Emily Johnson,emily.johnson@hotmail.com,2019-07-12
2559,David Thompson,david.thompson@gmail.com,2019-07-13
2560,Michael Martin,michael.martin@outlook.com,2019-07-14
2561,Olivia Hall,olivia.hall@hotmail.com,2019-07-15
2562,Daniel Harris,daniel.harris@gmail.com,2019-07-16
2563,Anna Clark,anna.clark@icloud.com,2019-07-17
2564,Jessica Smith,jessica.smith@icloud.com,2019-07-18
2565,Mia Harris,mia.harris@gmail.com,2019-07-19
2566,Matthew Lee,matthew.lee@gmail.com,2019-07-20
2567,Olivia Harris,olivia.harris@outlook.com,2019-07-21
2568,Mia Thomas,mia.thomas@hotmail.com,2019-07-22
2569,Daniel Smith,daniel.smith@yahoo.com,2019-07-23
2570,David Martin,david.martin@hotmail.com,2019-07-24
2571,Michael Brown,michael.brown@outlook.com,2019-07-25
2572,Robert Harris,robert.harris@outlook.com,2019-07-26
2573,Sarah Harris,sarah.harris@yahoo.com,2019-07-27
2574,Sophia Thomas,sophia.thomas@hotmail.com,2019-07-28
2575,Jessica Walker,jessica.walker@icloud.com,2019-07-29
2576,Anna Rodriguez,anna.rodriguez@icloud.com,2019-07-30
2577,Sophia Hall,sophia.hall@gmail.com,2019-07-31
2578,Jessica Brown,jessica.brown@gmail.com,2019-08-01
2579,Michael Hall,michael.hall@outlook.com,2019-08-02
2580,Olivia Robinson,olivia.robinson@icloud.com,2019-08-03
2581,Mia Clark,mia.clark@outlook.com,2019-08-04
2582,David Garcia,david.garcia@hotmail.com,2019-08-05
2583,Anna Walker,anna.walker@yahoo.com,2019-08-06
2584,Mia Anderson,mia.anderson@hotmail.com,2019-08-07
2585,Sophia Garcia,sophia.garcia@icloud.com,2019-08-08
2586,William Thomas,william.thomas@yahoo.com,2019-08-09
2587,Emily Jackson,emily.jackson@yahoo.com,2019-08-10
2588,Robert Garcia,robert.garcia@outlook.com,2019-08-11
2589,Matthew Walker,matthew.walker@icloud.com,2019-08-12
2590,Anna White,anna.white@yahoo.com,2019-08-13
2591,Michael Lee,michael.lee@yahoo.com,2019-08-14
2592,Daniel Martin,daniel.martin@gmail.com,2019-08-15
2593,John White,john.white@outlook.com,2019-08-16
2594,David Anderson,david.anderson@yahoo.com,2019-08-17
2595,Robert Johnson,robert.johnson@yahoo.com,2019-08-18
2596,David Jackson,david.jackson@outlook.com,2019-08-19
2597,Olivia Garcia,olivia.garcia@yahoo.com,2019-08-20
2598,Sophia Clark,sophia.clark@gmail.com,2019-08-21
2599,Mia Lewis,mia.lewis@icloud.com,2019-08-22
2600,Michael Jackson,michael.jackson@outlook.com,2019-08-23
2601,Sarah White,sarah.white@icloud.com,2019-08-24
2602,Jessica Rodriguez,jessica.rodriguez@yahoo.com,2019-08-25
2603,Anna Hall,anna.hall@hotmail.com,2019-08-26
2604,Matthew White,matthew.white@icloud.com,2019-08-27
2605,Emma Taylor,emma.taylor@icloud.com,2019-08-28
2606,Sarah Brown,sarah.brown@gmail.com,2019-08-29
2607,Michael Taylor,michael.taylor@icloud.com,2019-08-30
2608,James Clark,james.clark@gmail.com,2019-08-31
2609,David Rodriguez,david.rodriguez@hotmail.com,2019-09-01
2610,Olivia Robinson,olivia.robinson@icloud.com,2019-09-02
2611,Jessica Jackson,jessica.jackson@icloud.com,2019-09-03
2612,Olivia Lee,olivia.lee@hotmail.com,2019-09-04
2613,James Robinson,james.robinson@outlook.com,2019-09-05
2614,Isabella Thompson,isabella.thompson@icloud.com,2019-09-06
2615,Emily Garcia,emily.garcia@yahoo.com,2019-09-07
2616,John Clark,john.clark@hotmail.com,2019-09-08
2617,Isabella Smith,isabella.smith@hotmail.com,2019-09-09
2618,Robert Garcia,robert.garcia@yahoo.com,2019-09-10
2619,Jane White,jane.white@icloud.com,2019-09-11
2620,Emily Johnson,emily.johnson@icloud.com,2019-09-12
2621,Jessica Garcia,jessica.garcia@gmail.com,2019-09-13
2622,Michael Jackson,michael.jackson@icloud.com,2019-09-14
2623,Jessica Martinez,jessica.martinez@hotmail.com,2019-09-15
2624,James Martin,james.martin@outlook.com,2019-09-16
2625,John White,john.white@hotmail.com,2019-09-17
2626,Joseph Smith,joseph.smith@outlook.com,2019-09-18
2627,Sophia Lewis,sophia.lewis@yahoo.com,2019-09-19
2628,William Martin,william.martin@icloud.com,2019-09-20
2629,David Harris,david.harris@yahoo.com,2019-09-21
2630,Michael Clark,michael.clark@icloud.com,2019-09-22
2631,Robert Thompson,robert.thompson@hotmail.com,2019-09-23
2632,Jessica Martinez,jessica.martinez@gmail.com,2019-09-24
2633,Emily Anderson,emily.anderson@outlook.com,2019-09-25
2634,Michael Thompson,michael.thompson@outlook.com,2019-09-26
2635,Jane Lee,jane.lee@outlook.com,2019-09-27
2636,Emily Jackson,emily.jackson@yahoo.com,2019-09-28
2637,Michael Clark,michael.clark@hotmail.com,2019-09-29
2638,Emma Thomas,emma.thomas@gmail.com,2019-09-30
2639,James Robinson,james.robinson@icloud.com,2019-10-01
2640,Sophia Garcia,sophia.garcia@yahoo.com,2019-10-02
2641,William Walker,william.walker@gmail.com,2019-10-03
2642,Jane Harris,jane.harris@gmail.com,2019-10-04
2643,Mia Jackson,mia.jackson@hotmail.com,2019-10-05
2644,Matthew Martin,matthew.martin@outlook.com,2019-10-06
2645,Robert Smith,robert.smith@icloud.com,2019-10-07
2646,David Jackson,david.jackson@hotmail.com,2019-10-08
2647,Robert White,robert.white@outlook.com,2019-10-09
2648,Isabella Johnson,isabella.johnson@yahoo.com,2019-10-10
2649,Sarah Anderson,sarah.anderson@yahoo.com,2019-10-11
2650,Isabella Clark,isabella.clark@hotmail.com,2019-10-12
2651,Isabella Clark,isabella.clark@hotmail.com,2019-10-13
2652,John Martin,john.martin@icloud.com,2019-10-14
2653,Emma White,emma.white@hotmail.com,2019-10-15
2654,John Garcia,john.garcia@outlook.com,2019-10-16
2655,Emily Hall,emily.hall@yahoo.com,2019-10-17
2656,Emma Brown,emma.brown@hotmail.com,2019-10-18
2657,Joseph Thompson,joseph.thompson@outlook.com,2019-10-19
2658,Andrew Lewis,andrew.lewis@icloud.com,2019-10-20
2659,Sophia Hall,sophia.hall@gmail.com,2019-10-21
2660,Matthew Lewis,matthew.lewis@icloud.com,2019-10-22
2661,Isabella Garcia,isabella.garcia@hotmail.com,2019-10-23
2662,Jessica Lee,jessica.lee@icloud.com,2019-10-24
2663,Sarah Martinez,sarah.martinez@hotmail.com,2019-10-25
2664,John Smith,john.smith@hotmail.com,2019-10-26
2665,Isabella Thompson,isabella.thompson@hotmail.com,2019-10-27
2666,Sophia White,sophia.white@gmail.com,2019-10-28
2667,Michael Hall,michael.hall@hotmail.com,2019-10-29
2668,Sophia Smith,sophia.smith@outlook.com,2019-10-30
2669,John Anderson,john.anderson@hotmail.com,2019-10-31
2670,William Brown,william.brown@hotmail.com,2019-11-01
2671,Sarah Thompson,sarah.thompson@icloud.com,2019-11-02
2672,Andrew Garcia,andrew.garcia@gmail.com,2019-11-03
2673,Robert White,robert.white@gmail.com,2019-11-04
2674,Daniel Clark,daniel.clark@icloud.com,2019-11-05
2675,Andrew Anderson,andrew.anderson@hotmail.com,2019-11-06
2676,Sarah Martinez,sarah.martinez@hotmail.com,2019-11-07
2677,Olivia Johnson,olivia.johnson@gmail.com,2019-11-08
2678,Jessica Smith,jessica.smith@hotmail.com,2019-11-09
2679,Jessica Taylor,jessica.taylor@yahoo.com,2019-11-10
2680,Emily Jackson,emily.jackson@hotmail.com,2019-11-11
2681,Sophia Thomas,sophia.thomas@icloud.com,2019-11-12
2682,Anna Johnson,anna.johnson@hotmail.com,2019-11-13
2683,Jessica Jackson,jessica.jackson@hotmail.com,2019-11-14
2684,Daniel Thompson,daniel.thompson@hotmail.com,2019-11-15
2685,Olivia Taylor,olivia.taylor@gmail.com,2019-11-16
2686,Emma Lewis,emma.lewis@icloud.com,2019-11-17
2687,William Martin,william.martin@outlook.com,2019-11-18
2688,Olivia Garcia,olivia.garcia@hotmail.com,2019-11-19
2689,Mia White,mia.white@hotmail.com,2019-11-20
2690,Matthew Rodriguez,matthew.rodriguez@yahoo.com,2019-11-21
2691,Sarah Thompson,sarah.thompson@hotmail.com,2019-11-22
2692,Emily White,emily.white@yahoo.com,2019-11-23
2693,Mia Martinez,mia.martinez@gmail.com,2019-11-24
2694,James Taylor,james.taylor@hotmail.com,2019-11-25
2695,John Walker,john.walker@icloud.com,2019-11-26
2696,Jessica Johnson,jessica.johnson@gmail.com,2019-11-27
2697,William Clark,william.clark@gmail.com,2019-11-28
2698,Anna Lee,anna.lee@icloud.com,2019-11-29
2699,Robert Harris,robert.harris@icloud.com,2019-11-30
2700,Olivia Rodriguez,olivia.rodriguez@icloud.com,2019-12-01
2701,Michael Robinson,michael.robinson@hotmail.com,2019-12-02
2702,David Martin,david.martin@yahoo.com,2019-12-03
2703,Mia Taylor,mia.taylor@hotmail.com,2019-12-04
2704,Daniel Lee,daniel.lee@icloud.com,2019-12-05
2705,Jane Smith,jane.smith@yahoo.com,2019-12-06
2706,Emily Thompson,emily.thompson@gmail.com,2019-12-07
2707,Daniel Harris,daniel.harris@icloud.com,2019-12-08
2708,Matthew Smith,matthew.smith@outlook.com,2019-12-09
2709,Andrew Johnson,andrew.johnson@hotmail.com,2019-12-10
2710,Joseph Hall,joseph.hall@gmail.com,2019-12-11
2711,William Walker,william.walker@icloud.com,2019-12-12
2712,William Jackson,william.jackson@icloud.com,2019-12-13
2713,Michael Martin,michael.martin@gmail.com,2019-12-14
2714,Jessica Taylor,jessica.taylor@gmail.com,2019-12-15
2715,Matthew Martinez,matthew.martinez@yahoo.com,2019-12-16
2716,Michael Robinson,michael.robinson@icloud.com,2019-12-17
2717,Andrew Martin,andrew.martin@outlook.com,2019-12-18
2718,Andrew Clark,andrew.clark@yahoo.com,2019-12-19
2719,Jessica Rodriguez,jessica.rodriguez@gmail.com,2019-12-20
2720,Jessica Thompson,jessica.thompson@gmail.com,2019-12-21
2721,Emily Brown,emily.brown@icloud.com,2019-12-22
2722,Joseph Johnson,joseph.johnson@yahoo.com,2019-12-23
2723,Emily Hall,emily.hall@hotmail.com,2019-12-24
2724,Robert Taylor,robert.taylor@icloud.com,2019-12-25
2725,Emma Martin,emma.martin@hotmail.com,2019-12-26
2726,Sophia Walker,sophia.walker@hotmail.com,2019-12-27
2727,Joseph Anderson,joseph.anderson@gmail.com,2019-12-28
2728,Jessica Taylor,jessica.taylor@yahoo.com,2019-12-29
2729,John Brown,john.brown@hotmail.com,2019-12-30
2730,Jane Taylor,jane.taylor@outlook.com,2019-12-31
2731,Emma Smith,emma.smith@yahoo.com,2020-01-01
2732,James Brown,james.brown@yahoo.com,2020-01-02
2733,Mia Robinson,mia.robinson@hotmail.com,2020-01-03
2734,Robert Walker,robert.walker@gmail.com,2020-01-04
2735,Joseph Brown,joseph.brown@outlook.com,2020-01-05
2736,William Harris,william.harris@yahoo.com,2020-01-06
2737,Isabella Rodriguez,isabella.rodriguez@gmail.com,2020-01-07
2738,Emily Lee,emily.lee@hotmail.com,2020-01-08
2739,Mia Martinez,mia.martinez@yahoo.com,2020-01-09
2740,Joseph Garcia,joseph.garcia@hotmail.com,2020-01-10
2741,Olivia Clark,olivia.clark@yahoo.com,2020-01-11
2742,Matthew Hall,matthew.hall@icloud.com,2020-01-12
2743,Mia Johnson,mia.johnson@yahoo.com,2020-01-13
2744,David Jackson,david.jackson@outlook.com,2020-01-14
2745,Jane Thomas,jane.thomas@hotmail.com,2020-01-15
2746,Joseph Lewis,joseph.lewis@yahoo.com,2020-01-16
2747,Emma Hall,emma.hall@gmail.com,2020-01-17
2748,Jane Martin,jane.martin@hotmail.com,2020-01-18
2749,Isabella Taylor,isabella.taylor@outlook.com,2020-01-19
2750,Robert White,robert.white@gmail.com,2020-01-20
2751,Daniel Thompson,daniel.thompson@outlook.com,2020-01-21
2752,Emily Thompson,emily.thompson@yahoo.com,2020-01-22
2753,John Johnson,john.johnson@icloud.com,2020-01-23
2754,David Walker,david.walker@icloud.com,2020-01-24
2755,Andrew Johnson,andrew.johnson@gmail.com,2020-01-25
2756,John Jackson,john.jackson@hotmail.com,2020-01-26
2757,Robert Thompson,robert.thompson@icloud.com,2020-01-27
2758,Mia Walker,mia.walker@icloud.com,2020-01-28
2759,David Martinez,david.martinez@yahoo.com,2020-01-29
2760,Sarah Martin,sarah.martin@icloud.com,2020-01-30
2761,Jessica Martinez,jessica.martinez@outlook.com,2020-01-31
2762,Sarah Taylor,sarah.taylor@outlook.com,2020-02-01
2763,Joseph Walker,joseph.walker@hotmail.com,2020-02-02
2764,Joseph Thompson,joseph.thompson@gmail.com,2020-02-03
2765,Matthew White,matthew.white@yahoo.com,2020-02-04
2766,Emily Lee,emily.lee@icloud.com,2020-02-05
2767,William Thompson,william.thompson@hotmail.com,2020-02-06
2768,James Lewis,james.lewis@yahoo.com,2020-02-07
2769,Isabella Brown,isabella.brown@hotmail.com,2020-02-08
2770,Jane Walker,jane.walker@hotmail.com,2020-02-09
2771,James Garcia,james.garcia@icloud.com,2020-02-10
2772,Andrew Rodriguez,andrew.rodriguez@hotmail.com,2020-02-11
2773,Mia Walker,mia.walker@gmail.com,2020-02-12
2774,Isabella Martinez,isabella.martinez@gmail.com,2020-02-13
2775,Emma Martinez,emma.martinez@yahoo.com,2020-02-14
2776,James Brown,james.brown@gmail.com,2020-02-15
2777,David White,david.white@gmail.com,2020-02-16
2778,Joseph Lee,joseph.lee@gmail.com,2020-02-17
2779,Isabella Garcia,isabella.garcia@hotmail.com,2020-02-18
2780,Robert Walker,robert.walker@gmail.com,2020-02-19
2781,Daniel Garcia,daniel.garcia@hotmail.com,2020-02-20
2782,David Harris,david.harris@hotmail.com,2020-02-21
2783,Michael Brown,michael.brown@icloud.com,2020-02-22
2784,Joseph Garcia,joseph.garcia@icloud.com,2020-02-23
2785,John Walker,john.walker@icloud.com,2020-02-24
2786,Olivia Thompson,olivia.thompson@yahoo.com,2020-02-25
2787,Emma White,emma.white@icloud.com,2020-02-26
2788,Isabella Smith,isabella.smith@outlook.com,2020-02-27
2789,Olivia Martin,olivia.martin@outlook.com,2020-02-28
2790,William Harris,william.harris@outlook.com,2020-02-29
2791,Joseph Harris,joseph.harris@yahoo.com,2020-03-01
2792,David Johnson,david.johnson@icloud.com,2020-03-02
2793,Daniel White,daniel.white@yahoo.com,2020-03-03
2794,John Lee,john.lee@yahoo.com,2020-03-04
2795,Daniel Walker,daniel.walker@icloud.com,2020-03-05
2796,Matthew Martin,matthew.martin@gmail.com,2020-03-06
2797,Joseph Hall,joseph.hall@icloud.com,2020-03-07
2798,Emma Lewis,emma.lewis@hotmail.com,2020-03-08
2799,Matthew Johnson,matthew.johnson@outlook.com,2020-03-09
2800,John Anderson,john.anderson@outlook.com,2020-03-10
2801,Sarah Thomas,sarah.thomas@outlook.com,2020-03-11
2802,Isabella Walker,isabella.walker@gmail.com,2020-03-12
2803,William Thomas,william.thomas@icloud.com,2020-03-13
2804,Jessica Harris,jessica.harris@hotmail.com,2020-03-14
2805,James Brown,james.brown@hotmail.com,2020-03-15
2806,Emma Thomas,emma.thomas@outlook.com,2020-03-16
2807,James Anderson,james.anderson@icloud.com,2020-03-17
2808,Jane Smith,jane.smith@gmail.com,2020-03-18
2809,Olivia Walker,olivia.walker@icloud.com,2020-03-19
2810,Isabella Walker,isabella.walker@gmail.com,2020-03-20
2811,David Martinez,david.martinez@icloud.com,2020-03-21
2812,Jane Johnson,jane.johnson@outlook.com,2020-03-22
2813,Robert Thomas,robert.thomas@icloud.com,2020-03-23
2814,Emily Lee,emily.lee@outlook.com,2020-03-24
2815,Sophia White,sophia.white@yahoo.com,2020-03-25
2816,Anna Jackson,anna.jackson@hotmail.com,2020-03-26
2817,Emily Rodriguez,emily.rodriguez@outlook.com,2020-03-27
2818,James Thompson,james.thompson@outlook.com,2020-03-28
2819,Andrew Lee,andrew.lee@gmail.com,2020-03-29
2820,Isabella Thomas,isabella.thomas@hotmail.com,2020-03-30
2821,Robert Hall,robert.hall@yahoo.com,2020-03-31
2822,Emma Rodriguez,emma.rodriguez@hotmail.com,2020-04-01
2823,Emma Lewis,emma.lewis@gmail.com,2020-04-02
2824,Matthew Anderson,matthew.anderson@outlook.com,2020-04-03
2825,John Thompson,john.thompson@hotmail.com,2020-04-04
2826,Joseph Robinson,joseph.robinson@gmail.com,2020-04-05
2827,William Anderson,william.anderson@outlook.com,2020-04-06
2828,Jessica Robinson,jessica.robinson@gmail.com,2020-04-07
2829,Anna Harris,anna.harris@icloud.com,2020-04-08
2830,Emily Brown,emily.brown@icloud.com,2020-04-09
2831,Sarah Anderson,sarah.anderson@outlook.com,2020-04-10
2832,David Clark,david.clark@hotmail.com,2020-04-11
2833,James Harris,james.harris@icloud.com,2020-04-12
2834,Emma Lee,emma.lee@icloud.com,2020-04-13
2835,Sophia Anderson,sophia.anderson@icloud.com,2020-04-14
2836,William Robinson,william.robinson@yahoo.com,2020-04-15
2837,Emily Garcia,emily.garcia@icloud.com,2020-04-16
2838,Emma Anderson,emma.anderson@hotmail.com,2020-04-17
2839,Emily Lee,emily.lee@hotmail.com,2020-04-18
2840,Jane Walker,jane.walker@icloud.com,2020-04-19
2841,William Martinez,william.martinez@outlook.com,2020-04-20
2842,William Robinson,william.robinson@icloud.com,2020-04-21
2843,John Lee,john.lee@yahoo.com,2020-04-22
2844,Jessica Garcia,jessica.garcia@gmail.com,2020-04-23
2845,Emma Walker,emma.walker@gmail.com,2020-04-24
2846,Jessica Brown,jessica.brown@outlook.com,2020-04-25
2847,James Lewis,james.lewis@hotmail.com,2020-04-26
2848,Andrew Thomas,andrew.thomas@icloud.com,2020-04-27
2849,Emma Hall,emma.hall@yahoo.com,2020-04-28
2850,Sarah Jackson,sarah.jackson@outlook.com,2020-04-29
2851,Sarah Thomas,sarah.thomas@gmail.com,2020-04-30
2852,Matthew Taylor,matthew.taylor@gmail.com,2020-05-01
2853,John Walker,john.walker@hotmail.com,2020-05-02
2854,James Martin,james.martin@gmail.com,2020-05-03
2855,Jane Martin,jane.martin@outlook.com,2020-05-04
2856,Sophia Taylor,sophia.taylor@hotmail.com,2020-05-05
2857,Emily Martin,emily.martin@gmail.com,2020-05-06
2858,James Rodriguez,james.rodriguez@yahoo.com,2020-05-07
2859,Andrew White,andrew.white@gmail.com,2020-05-08
2860,James Martin,james.martin@outlook.com,2020-05-09
2861,Jane Harris,jane.harris@gmail.com,2020-05-10
2862,John Martin,john.martin@yahoo.com,2020-05-11
2863,Matthew White,matthew.white@gmail.com,2020-05-12
2864,Mia Anderson,mia.anderson@outlook.com,2020-05-13
2865,Andrew Taylor,andrew.taylor@yahoo.com,2020-05-14
2866,Isabella Garcia,isabella.garcia@gmail.com,2020-05-15
2867,Matthew Brown,matthew.brown@icloud.com,2020-05-16
2868,Robert Garcia,robert.garcia@icloud.com,2020-05-17
2869,David Clark,david.clark@hotmail.com,2020-05-18
2870,Mia Clark,mia.clark@yahoo.com,2020-05-19
2871,Daniel Jackson,daniel.jackson@hotmail.com,2020-05-20
2872,John Thomas,john.thomas@icloud.com,2020-05-21
2873,Emily Rodriguez,emily.rodriguez@gmail.com,2020-05-22
2874,Jane Hall,jane.hall@hotmail.com,2020-05-23
2875,Sophia White,sophia.white@outlook.com,2020-05-24
2876,Emily Robinson,emily.robinson@icloud.com,2020-05-25
2877,Sarah Robinson,sarah.robinson@yahoo.com,2020-05-26
2878,Emma White,emma.white@outlook.com,2020-05-27
2879,Jane Johnson,jane.johnson@outlook.com,2020-05-28
2880,Michael White,michael.white@hotmail.com,2020-05-29
2881,Sarah Robinson,sarah.robinson@gmail.com,2020-05-30
2882,Sarah Anderson,sarah.anderson@icloud.com,2020-05-31
2883,Andrew Brown,andrew.brown@outlook.com,2020-06-01
2884,Jessica Anderson,jessica.anderson@hotmail.com,2020-06-02
2885,Olivia Brown,olivia.brown@gmail.com,2020-06-03
2886,Jessica Jackson,jessica.jackson@gmail.com,2020-06-04
2887,Emma Smith,emma.smith@outlook.com,2020-06-05
2888,Anna White,anna.white@outlook.com,2020-06-06
2889,James Walker,james.walker@hotmail.com,2020-06-07
2890,Matthew Brown,matthew.brown@yahoo.com,2020-06-08
2891,Jessica Robinson,jessica.robinson@outlook.com,2020-06-09
2892,Emily Thomas,emily.thomas@gmail.com,2020-06-10
2893,John Johnson,john.johnson@hotmail.com,2020-06-11
2894,Matthew Thompson,matthew.thompson@outlook.com,2020-06-12
2895,Michael Thomas,michael.thomas@gmail.com,2020-06-13
2896,Emily Harris,emily.harris@hotmail.com,2020-06-14
2897,Jane Lewis,jane.lewis@outlook.com,2020-06-15
2898,Robert Walker,robert.walker@hotmail.com,2020-06-16
2899,Robert Walker,robert.walker@outlook.com,2020-06-17
2900,Anna White,anna.white@outlook.com,2020-06-18
2901,Emma Thompson,emma.thompson@hotmail.com,2020-06-19
2902,Andrew Hall,andrew.hall@gmail.com,2020-06-20
2903,Jane Johnson,jane.johnson@outlook.com,2020-06-21
2904,Robert Anderson,robert.anderson@hotmail.com,2020-06-22
2905,Sophia Lee,sophia.lee@icloud.com,2020-06-23
2906,James Robinson,james.robinson@gmail.com,2020-06-24
2907,Jane Johnson,jane.johnson@gmail.com,2020-06-25
2908,Emily Thompson,emily.thompson@gmail.com,2020-06-26
2909,Sarah White,sarah.white@outlook.com,2020-06-27
2910,Olivia Lewis,olivia.lewis@gmail.com,2020-06-28
2911,Olivia Rodriguez,olivia.rodriguez@gmail.com,2020-06-29
2912,Jane Jackson,jane.jackson@hotmail.com,2020-06-30
2913,Andrew Robinson,andrew.robinson@hotmail.com,2020-07-01
2914,Anna White,anna.white@yahoo.com,2020-07-02
2915,Emma Smith,emma.smith@hotmail.com,2020-07-03
2916,James Clark,james.clark@outlook.com,2020-07-04
2917,James Thomas,james.thomas@hotmail.com,2020-07-05
2918,Jane Martin,jane.martin@outlook.com,2020-07-06
2919,Jane Clark,jane.clark@outlook.com,2020-07-07
2920,Michael Anderson,michael.anderson@icloud.com,2020-07-08
2921,Anna Smith,anna.smith@icloud.com,2020-07-09
2922,Olivia Thompson,olivia.thompson@gmail.com,2020-07-10
2923,Sarah Garcia,sarah.garcia@gmail.com,2020-07-11
2924,Sophia Walker,sophia.walker@icloud.com,2020-07-12
2925,Mia Garcia,mia.garcia@outlook.com,2020-07-13
2926,Mia Robinson,mia.robinson@yahoo.com,2020-07-14
2927,Jane Johnson,jane.johnson@icloud.com,2020-07-15
2928,Sophia Garcia,sophia.garcia@icloud.com,2020-07-16
2929,Sarah Taylor,sarah.taylor@icloud.com,2020-07-17
2930,Emily Hall,emily.hall@icloud.com,2020-07-18
2931,John Smith,john.smith@gmail.com,2020-07-19
2932,Sophia Taylor,sophia.taylor@hotmail.com,2020-07-20
2933,Anna Hall,anna.hall@yahoo.com,2020-07-21
2934,Matthew Hall,matthew.hall@outlook.com,2020-07-22
2935,James Rodriguez,james.rodriguez@hotmail.com,2020-07-23
2936,Matthew Taylor,matthew.taylor@icloud.com,2020-07-24
2937,Michael Thompson,michael.thompson@gmail.com,2020-07-25
2938,Michael Anderson,michael.anderson@hotmail.com,2020-07-26
2939,Andrew Jackson,andrew.jackson@icloud.com,2020-07-27
2940,Daniel Smith,daniel.smith@yahoo.com,2020-07-28
2941,John Walker,john.walker@hotmail.com,2020-07-29
2942,Andrew Walker,andrew.walker@yahoo.com,2020-07-30
2943,John Thompson,john.thompson@icloud.com,2020-07-31
2944,Joseph Rodriguez,joseph.rodriguez@icloud.com,2020-08-01
2945,Sarah Clark,sarah.clark@hotmail.com,2020-08-02
2946,Michael Clark,michael.clark@yahoo.com,2020-08-03
2947,Daniel Garcia,daniel.garcia@yahoo.com,2020-08-04
2948,Matthew Harris,matthew.harris@icloud.com,2020-08-05
2949,Mia Lewis,mia.lewis@hotmail.com,2020-08-06
2950,Matthew Smith,matthew.smith@hotmail.com,2020-08-07
2951,Sarah Anderson,sarah.anderson@yahoo.com,2020-08-08
2952,Isabella Thomas,isabella.thomas@hotmail.com,2020-08-09
2953,Robert Martinez,robert.martinez@outlook.com,2020-08-10
2954,John Lee,john.lee@outlook.com,2020-08-11
2955,Emily Thomas,emily.thomas@hotmail.com,2020-08-12
2956,Emma Walker,emma.walker@gmail.com,2020-08-13
2957,Olivia Thomas,olivia.thomas@outlook.com,2020-08-14
2958,Joseph Taylor,joseph.taylor@icloud.com,2020-08-15
2959,Michael Hall,michael.hall@icloud.com,2020-08-16
2960,William Clark,william.clark@hotmail.com,2020-08-17
2961,William Brown,william.brown@hotmail.com,2020-08-18
2962,Emma White,emma.white@icloud.com,2020-08-19
2963,Andrew Clark,andrew.clark@gmail.com,2020-08-20
2964,Robert Rodriguez,robert.rodriguez@gmail.com,2020-08-21
2965,Sophia Lee,sophia.lee@icloud.com,2020-08-22
2966,Emma Johnson,emma.johnson@hotmail.com,2020-08-23
2967,Mia Lewis,mia.lewis@hotmail.com,2020-08-24
2968,Sophia Thomas,sophia.thomas@outlook.com,2020-08-25
2969,Emma Lewis,emma.lewis@hotmail.com,2020-08-26
2970,Isabella Taylor,isabella.taylor@outlook.com,2020-08-27
2971,Emma Martin,emma.martin@hotmail.com,2020-08-28
2972,Isabella Martin,isabella.martin@icloud.com,2020-08-29
2973,Matthew Thomas,matthew.thomas@gmail.com,2020-08-30
2974,Sarah Robinson,sarah.robinson@hotmail.com,2020-08-31
2975,Isabella Lewis,isabella.lewis@outlook.com,2020-09-01
2976,Andrew Smith,andrew.smith@gmail.com,2020-09-02
2977,Olivia Brown,olivia.brown@icloud.com,2020-09-03
2978,Anna Harris,anna.harris@hotmail.com,2020-09-04
2979,Michael Lewis,michael.lewis@yahoo.com,2020-09-05
2980,Isabella Johnson,isabella.johnson@yahoo.com,2020-09-06
2981,Michael Martinez,michael.martinez@gmail.com,2020-09-07
2982,Daniel Hall,daniel.hall@hotmail.com,2020-09-08
2983,Olivia Harris,olivia.harris@hotmail.com,2020-09-09
2984,Jessica Johnson,jessica.johnson@yahoo.com,2020-09-10
2985,Sarah Martinez,sarah.martinez@gmail.com,2020-09-11
2986,Michael Clark,michael.clark@outlook.com,2020-09-12
2987,Joseph Hall,joseph.hall@gmail.com,2020-09-13
2988,Robert Lewis,robert.lewis@gmail.com,2020-09-14
2989,Jane Walker,jane.walker@gmail.com,2020-09-15
2990,Andrew Johnson,andrew.johnson@gmail.com,2020-09-16
2991,Jessica Taylor,jessica.taylor@hotmail.com,2020-09-17
2992,Jessica White,jessica.white@gmail.com,2020-09-18
2993,James Rodriguez,james.rodriguez@yahoo.com,2020-09-19
2994,Michael Thompson,michael.thompson@hotmail.com,2020-09-20
2995,Isabella Hall,isabella.hall@hotmail.com,2020-09-21
2996,John Johnson,john.johnson@gmail.com,2020-09-22
2997,Jane Taylor,jane.taylor@icloud.com,2020-09-23
2998,Emily Jackson,emily.jackson@hotmail.com,2020-09-24
2999,Joseph Robinson,joseph.robinson@gmail.com,2020-09-25
3000,Mia Anderson,mia.anderson@hotmail.com,2020-09-26
