Order ID,Customer Id,Order Date,amount,quantity,product id,DisKount,profit,shipping Days
1001,2266,01-01-23,154,5,3088,0.28,69,12
1002,2990,02-01-23,182,4,3080,6.76,24,11
1003,2128,03-01-23,206,4,3062,4.33,66,2
1004,2678,04-01-23,302,5,3062,24.81,8,3
1005,2038,05-01-23,227,1,3033,2.84,87,9
1006,2476,06-01-23,385,4,3087,15.44,58,8
1007,2852,07-01-23,163,6,3018,22.91,97,5
1008,2552,08-01-23,182,4,3045,0.96,57,9
1009,2370,09-01-23,310,7,3071,7.12,98,10
1010,2892,10-01-23,123,8,3071,7.99,34,3
1011,2367,11-01-23,388,8,3060,4.5,32,11
1012,2449,12-01-23,413,9,3034,10.61,61,10
1013,2486,13-01-23,228,8,3074,5.3,96,3
1014,2902,14-01-23,271,1,3025,1.32,70,11
1015,2738,15-01-23,243,1,3023,14.85,9,3
1016,2288,16-01-23,329,4,3024,17.67,15,9
1017,2758,17-01-23,198,4,3066,26.62,83,8
1018,2508,18-01-23,278,7,3034,10.18,88,2
1019,2635,19-01-23,393,7,3097,18.32,59,5
1020,2146,20-01-23,330,8,3046,27.58,88,1
1021,2778,21-01-23,258,6,3019,22.65,53,5
1022,2245,22-01-23,130,2,3055,18.75,24,1
1023,2194,23-01-23,385,8,3091,13.78,95,12
1024,2645,24-01-23,343,9,3018,17.44,6,8
1025,2840,25-01-23,420,7,3017,9.25,18,9
1026,2667,26-01-23,488,4,3048,27.19,28,13
1027,2662,27-01-23,137,4,3042,20.91,39,8
1028,2055,28-01-23,328,9,3072,6.66,61,4
1029,2675,29-01-23,263,5,3055,20.6,46,11
1030,2954,30-01-23,92,8,3023,0.31,77,8
1031,2588,31-01-23,167,4,3026,24.63,17,2
1032,2779,01-02-23,214,6,3036,23.23,21,10
1033,2780,02-02-23,185,5,3068,19.76,84,11
1034,2460,03-02-23,345,7,3043,19.93,50,8
1035,2180,04-02-23,240,7,3092,16.43,32,14
1036,2820,05-02-23,392,3,3035,18.13,25,6
1037,2537,06-02-23,69,3,3095,28.5,29,6
1038,2803,07-02-23,388,3,3052,7.71,54,3
1039,2456,08-02-23,424,6,3064,4.82,50,3
1040,2844,09-02-23,120,3,3097,0.73,15,5
1041,2868,10-02-23,163,5,3048,9.89,26,7
1042,2570,11-02-23,412,9,3018,12.71,94,10
1043,2222,12-02-23,427,7,3023,13.9,96,5
1044,2256,13-02-23,77,5,3001,3.4,67,6
1045,2080,14-02-23,123,6,3031,2.72,46,9
1046,2903,15-02-23,123,8,3021,21.65,11,4
1047,2668,16-02-23,427,5,3017,21.96,11,13
1048,2255,17-02-23,120,9,3003,9.89,20,14
1049,2605,18-02-23,213,3,3006,19.07,19,5
1050,2873,19-02-23,494,6,3100,11.52,49,12
1051,2098,20-02-23,133,6,3001,18.88,45,9
1052,2898,21-02-23,181,6,3059,11.57,72,11
1053,2807,22-02-23,164,5,3100,27.02,34,10
1054,2402,23-02-23,245,8,3077,25.83,83,10
1055,2732,24-02-23,368,8,3093,21.53,15,3
1056,2072,25-02-23,455,4,3034,25.11,61,5
1057,2547,26-02-23,438,3,3041,8.11,9,9
1058,2407,27-02-23,154,8,3080,19.88,87,1
1059,2006,28-02-23,476,3,3031,14.6,79,8
1060,2890,01-03-23,208,4,3086,6.32,7,12
1061,2739,02-03-23,305,6,3006,26.88,43,2
1062,2220,03-03-23,356,3,3022,1.91,44,9
1063,2027,04-03-23,426,9,3043,10.61,5,1
1064,2071,05-03-23,478,7,3028,7.43,66,6
1065,2590,06-03-23,379,4,3099,0.64,63,3
1066,2305,07-03-23,125,4,3074,24.28,77,3
1067,2234,08-03-23,357,3,3074,21.68,63,4
1068,2537,09-03-23,430,5,3064,12.9,26,4
1069,2371,10-03-23,273,3,3051,29.59,45,13
1070,2365,11-03-23,492,2,3004,2.35,98,7
1071,2596,12-03-23,203,6,3074,4.53,27,10
1072,2631,13-03-23,415,2,3100,1.87,87,4
1073,2164,14-03-23,251,2,3043,26.45,72,13
1074,2142,15-03-23,82,3,3054,19.79,59,2
1075,2514,16-03-23,251,1,3001,6.91,5,5
1076,2178,17-03-23,474,7,3043,0.78,71,4
1077,2116,18-03-23,274,8,3078,19.96,75,8
1078,2839,19-03-23,329,1,3052,29.6,22,9
1079,2958,20-03-23,479,7,3023,11.16,87,9
1080,2099,21-03-23,312,2,3037,14.32,96,12
1081,2884,22-03-23,103,7,3094,3.56,80,13
1082,2319,23-03-23,157,5,3036,1.53,69,13
1083,2403,24-03-23,53,4,3022,0.48,83,1
1084,2167,25-03-23,231,8,3061,1.53,78,7
1085,2742,26-03-23,230,9,3039,5.82,22,13
1086,2409,27-03-23,263,4,3066,0.32,32,6
1087,2961,28-03-23,398,1,3026,2.1,5,5
1088,2551,29-03-23,449,8,3071,29.77,53,5
1089,2808,30-03-23,422,2,3015,29.23,62,5
1090,2277,31-03-23,183,6,3013,26.1,38,4
1091,2543,01-04-23,377,6,3075,4.66,74,8
1092,2395,02-04-23,426,4,3052,15.04,28,4
1093,2297,03-04-23,83,3,3002,2.98,76,6
1094,2535,04-04-23,81,9,3067,21.11,21,2
1095,2684,05-04-23,148,8,3019,22.35,12,9
1096,2273,06-04-23,295,9,3029,6.62,9,12
1097,2974,07-04-23,303,5,3070,3.76,52,12
1098,2411,08-04-23,127,9,3024,1.92,14,10
1099,2800,09-04-23,236,3,3026,13.32,78,4
1100,2793,10-04-23,484,7,3005,9.43,66,4
1101,2575,11-04-23,363,3,3016,29.24,32,10
1102,2215,12-04-23,71,7,3095,19.42,7,14
1103,2883,13-04-23,357,8,3098,26.54,66,11
1104,2037,14-04-23,190,1,3090,3.3,42,8
1105,2514,15-04-23,239,8,3019,19.18,69,9
1106,2241,16-04-23,74,1,3072,29.92,29,10
1107,2599,17-04-23,383,5,3090,23.84,32,2
1108,2310,18-04-23,185,1,3078,2.04,24,14
1109,2110,19-04-23,285,4,3053,13.12,12,3
1110,2403,20-04-23,319,1,3072,13.67,51,13
1111,2948,21-04-23,84,9,3030,8.43,67,14
1112,2668,22-04-23,97,9,3044,21.92,12,3
1113,2441,23-04-23,375,1,3018,9.87,49,7
1114,2379,24-04-23,295,9,3030,15.73,92,1
1115,2928,25-04-23,462,7,3060,23.78,31,5
1116,2821,26-04-23,386,1,3051,13.41,25,13
1117,2429,27-04-23,260,7,3038,26.82,84,13
1118,2340,28-04-23,425,4,3059,24.53,5,2
1119,2330,29-04-23,113,8,3034,22.46,38,11
1120,2964,30-04-23,196,6,3030,6.09,38,7
1121,2098,01-05-23,256,4,3082,15.76,69,12
1122,2311,02-05-23,55,3,3004,21.64,53,9
1123,2130,03-05-23,197,1,3098,13.16,59,13
1124,2999,04-05-23,411,1,3052,3.49,50,7
1125,2633,05-05-23,299,5,3055,3.87,15,9
1126,2252,06-05-23,174,5,3045,14.56,40,10
1127,2642,07-05-23,410,1,3084,15.68,18,1
1128,2293,08-05-23,322,5,3057,4.34,90,1
1129,2269,09-05-23,227,4,3046,20.42,74,6
1130,2992,10-05-23,408,3,3019,1.29,75,1
1131,2640,11-05-23,380,8,3038,0.54,60,10
1132,2293,12-05-23,194,4,3049,25.98,51,4
1133,2346,13-05-23,237,5,3010,27.19,71,9
1134,2371,14-05-23,279,9,3055,22.94,82,8
1135,2362,15-05-23,237,8,3085,20.88,57,1
1136,2905,16-05-23,408,9,3057,29.68,80,3
1137,2451,17-05-23,395,4,3052,3.34,45,14
1138,2718,18-05-23,400,7,3010,20.53,66,12
1139,2742,19-05-23,458,6,3058,9.95,43,3
1140,2456,20-05-23,414,2,3086,10.17,5,2
1141,2688,21-05-23,265,2,3099,17.42,59,13
1142,2587,22-05-23,188,1,3020,25.5,47,9
1143,2607,23-05-23,101,5,3003,0.13,20,6
1144,2115,24-05-23,436,5,3093,5.27,95,13
1145,2383,25-05-23,187,1,3038,29.97,13,12
1146,2226,26-05-23,264,4,3001,6.06,80,3
1147,2311,27-05-23,323,5,3005,5.82,30,12
1148,2832,28-05-23,306,7,3061,27.93,81,4
1149,2102,29-05-23,379,1,3001,12.4,83,2
1150,2090,30-05-23,309,1,3038,22.16,14,3
1151,2854,31-05-23,72,2,3046,21.08,28,11
1152,2067,01-06-23,437,3,3015,9.77,46,4
1153,2241,02-06-23,226,6,3032,2.17,10,1
1154,2978,03-06-23,492,6,3096,5.14,25,3
1155,2013,04-06-23,351,8,3039,11.43,75,2
1156,2703,05-06-23,488,7,3031,9.78,11,10
1157,2519,06-06-23,292,3,3060,16.78,52,5
1158,2632,07-06-23,171,8,3083,17.58,63,4
1159,2791,08-06-23,416,5,3078,29.58,45,9
1160,2451,09-06-23,384,3,3048,26.84,94,10
1161,2584,10-06-23,287,5,3078,6.19,85,7
1162,2092,11-06-23,411,3,3046,18.26,17,4
1163,2096,12-06-23,411,7,3030,6.02,17,9
1164,2770,13-06-23,278,8,3060,0.4,21,13
1165,2297,14-06-23,319,3,3079,20.83,90,11
1166,2216,15-06-23,341,7,3092,4.47,68,3
1167,2901,16-06-23,234,7,3100,6.99,13,4
1168,2142,17-06-23,104,3,3070,18.42,94,8
1169,2582,18-06-23,338,8,3037,25.15,54,13
1170,2914,19-06-23,364,3,3083,26.7,94,6
1171,2788,20-06-23,197,7,3045,19.16,65,12
1172,2334,21-06-23,55,5,3099,13.46,88,11
1173,2025,22-06-23,479,6,3057,26.72,80,1
1174,2068,23-06-23,70,9,3060,23.9,92,4
1175,2354,24-06-23,393,1,3044,10.45,72,13
1176,2895,25-06-23,480,5,3026,5.43,94,6
1177,2668,26-06-23,433,8,3037,20.53,88,4
1178,2624,27-06-23,433,4,3092,17.48,13,7
1179,2966,28-06-23,308,2,3096,5.39,45,14
1180,2984,29-06-23,130,9,3083,22.59,62,13
1181,2544,30-06-23,299,4,3026,25.75,51,1
1182,2051,01-07-23,238,8,3025,0.05,85,3
1183,2914,02-07-23,271,6,3070,5.15,16,7
1184,2009,03-07-23,319,5,3040,0.31,31,1
1185,2333,04-07-23,65,8,3097,26.83,88,8
1186,2585,05-07-23,169,7,3089,2.46,34,5
1187,2257,06-07-23,496,3,3086,26.16,70,8
1188,2528,07-07-23,336,1,3013,18.41,68,12
1189,2730,08-07-23,134,3,3050,21.15,20,1
1190,2224,09-07-23,406,8,3093,26.69,98,1
1191,2887,10-07-23,186,6,3080,10.13,92,13
1192,2788,11-07-23,165,8,3003,25.33,33,4
1193,2054,12-07-23,289,8,3075,5.3,52,3
1194,2351,13-07-23,158,6,3009,9.47,10,1
1195,2110,14-07-23,440,7,3084,25.86,60,9
1196,2123,15-07-23,188,3,3056,29.89,66,8
1197,2693,16-07-23,422,3,3041,27.09,53,5
1198,2533,17-07-23,106,8,3077,10.25,23,4
1199,2250,18-07-23,405,8,3038,19.52,91,14
1200,2633,19-07-23,173,9,3016,22.41,16,5
1201,2778,20-07-23,498,3,3033,24.44,46,13
1202,2750,21-07-23,62,4,3024,21.74,66,13
1203,2974,22-07-23,353,8,3043,7.09,70,11
1204,2676,23-07-23,435,1,3007,5.15,10,5
1205,2006,24-07-23,119,1,3099,12.06,60,14
1206,2003,25-07-23,392,1,3068,10.24,24,11
1207,2803,26-07-23,277,7,3099,28.89,25,11
1208,2373,27-07-23,342,8,3084,4.95,18,1
1209,2782,28-07-23,291,4,3074,1.14,70,5
1210,2091,29-07-23,265,7,3075,27.95,17,2
1211,2121,30-07-23,151,9,3007,2.64,53,1
1212,2749,31-07-23,305,2,3050,13.23,75,7
1213,2769,01-08-23,114,9,3037,7.67,54,5
1214,2870,02-08-23,334,1,3081,1.62,46,11
1215,2558,03-08-23,185,8,3094,6.2,72,4
1216,2821,04-08-23,474,8,3035,24.89,40,7
1217,2604,05-08-23,103,9,3061,6.72,76,9
1218,2093,06-08-23,218,2,3095,27.63,62,1
1219,2404,07-08-23,340,5,3050,25.98,73,14
1220,2691,08-08-23,179,2,3012,17.37,80,4
1221,2155,09-08-23,211,1,3041,6.06,11,13
1222,2598,10-08-23,196,9,3093,20.37,79,8
1223,2320,11-08-23,323,5,3048,18.57,85,6
1224,2907,12-08-23,354,3,3052,26.08,83,14
1225,2702,13-08-23,245,6,3059,13.36,17,4
1226,2096,14-08-23,441,2,3073,16.12,14,10
1227,2634,15-08-23,93,9,3062,25.09,81,7
1228,2591,16-08-23,267,3,3073,17.68,58,12
1229,2189,17-08-23,135,5,3067,12.47,18,7
1230,2915,18-08-23,138,9,3074,20.7,69,8
1231,2223,19-08-23,355,2,3054,20.92,96,10
1232,2020,20-08-23,312,3,3030,0.22,45,8
1233,2104,21-08-23,84,9,3035,2.47,69,13
1234,2938,22-08-23,161,1,3016,9.5,84,1
1235,2259,23-08-23,433,3,3089,19.97,81,9
1236,2305,24-08-23,458,6,3006,9.91,51,2
1237,2900,25-08-23,178,9,3027,26,11,14
1238,2415,26-08-23,167,2,3029,9.87,80,7
1239,2160,27-08-23,103,2,3056,27.69,38,8
1240,2040,28-08-23,237,9,3093,5.73,30,11
1241,2955,29-08-23,380,3,3030,8.53,73,9
1242,2037,30-08-23,247,6,3084,19.02,76,14
1243,2102,31-08-23,232,9,3098,10.84,28,10
1244,2032,01-09-23,82,2,3011,14.81,53,5
1245,2269,02-09-23,178,4,3048,6,12,7
1246,2819,03-09-23,270,9,3100,10.29,51,7
1247,2724,04-09-23,159,3,3005,23.28,35,4
1248,2354,05-09-23,76,6,3086,28.65,60,11
1249,2051,06-09-23,125,4,3078,13.03,41,1
1250,2611,07-09-23,52,1,3065,17.46,88,2
1251,2605,08-09-23,445,6,3015,12.06,97,8
1252,2251,09-09-23,97,6,3014,10.12,51,13
1253,2992,10-09-23,269,7,3028,13.96,76,9
1254,2310,11-09-23,126,1,3010,25.46,52,1
1255,2228,12-09-23,115,5,3072,12.1,67,1
1256,2234,13-09-23,159,5,3059,21.63,86,9
1257,2141,14-09-23,135,9,3029,29.97,12,13
1258,2176,15-09-23,127,3,3089,15.57,90,6
1259,2796,16-09-23,167,8,3054,26.75,92,2
1260,2236,17-09-23,357,1,3090,28.12,30,2
1261,2169,18-09-23,357,7,3090,22.28,19,9
1262,2988,19-09-23,339,6,3057,2.26,65,9
1263,2168,20-09-23,54,5,3061,24.25,67,12
1264,2543,21-09-23,216,7,3051,6.22,40,2
1265,2324,22-09-23,151,4,3087,7.04,71,5
1266,2106,23-09-23,342,9,3025,22.99,34,5
1267,2015,24-09-23,262,6,3092,15.85,45,12
1268,2201,25-09-23,282,8,3027,23.69,5,2
1269,2500,26-09-23,273,4,3048,10.03,77,14
1270,2700,27-09-23,57,5,3016,22.13,46,11
1271,2983,28-09-23,53,9,3030,6.24,75,5
1272,2108,29-09-23,407,8,3045,6.1,70,6
1273,2733,30-09-23,326,1,3040,6.3,23,10
1274,2669,01-10-23,225,2,3061,11.94,23,2
1275,2047,02-10-23,336,4,3083,15.25,25,2
1276,2733,03-10-23,344,2,3030,9.05,84,3
1277,2244,04-10-23,185,2,3039,6.65,85,14
1278,2711,05-10-23,240,8,3039,27.1,58,5
1279,2408,06-10-23,146,9,3025,27.46,85,5
1280,2563,07-10-23,372,6,3019,3.2,75,7
1281,2201,08-10-23,141,5,3024,1.63,75,9
1282,2850,09-10-23,428,5,3097,28.59,52,9
1283,2985,10-10-23,483,6,3048,8.01,55,1
1284,2545,11-10-23,169,5,3093,4.01,61,9
1285,2195,12-10-23,476,4,3085,16.92,58,10
1286,2522,13-10-23,208,2,3015,17.45,52,9
1287,2814,14-10-23,183,3,3038,6.29,15,13
1288,2664,15-10-23,88,5,3060,7.45,48,4
1289,2876,16-10-23,354,6,3071,9.95,75,14
1290,2245,17-10-23,259,1,3019,17.44,48,7
1291,2664,18-10-23,326,1,3017,3.59,33,11
1292,2674,19-10-23,338,4,3092,26.06,78,6
1293,2288,20-10-23,285,2,3066,12.91,33,1
1294,2778,21-10-23,342,1,3028,20.88,11,5
1295,2877,22-10-23,133,3,3074,16.86,23,4
1296,2002,23-10-23,206,1,3076,0.7,71,3
1297,2209,24-10-23,94,4,3075,18.68,51,9
1298,2967,25-10-23,217,7,3090,3.95,56,6
1299,2374,26-10-23,253,4,3008,17.75,55,5
1300,2251,27-10-23,391,6,3062,5.79,71,1
1301,2753,28-10-23,328,9,3021,20.96,45,10
1302,2102,29-10-23,133,3,3097,11.1,13,8
1303,2811,30-10-23,313,2,3071,13.87,51,10
1304,2036,31-10-23,78,7,3051,27.05,46,11
1305,2271,01-11-23,273,8,3097,12.21,94,5
1306,2407,02-11-23,120,9,3027,24.57,43,8
1307,2983,03-11-23,370,8,3031,2.03,38,2
1308,2879,04-11-23,482,2,3088,27.53,56,4
1309,2176,05-11-23,461,7,3016,6.56,60,3
1310,2193,06-11-23,124,7,3012,0.85,54,11
1311,2425,07-11-23,118,6,3048,5.82,44,13
1312,2137,08-11-23,302,4,3022,1.07,16,2
1313,2167,09-11-23,392,7,3089,14.54,14,2
1314,2281,10-11-23,490,9,3090,2.95,82,10
1315,2800,11-11-23,148,6,3042,10.1,78,7
1316,2395,12-11-23,423,1,3056,9.59,11,3
1317,2509,13-11-23,341,8,3059,23.93,12,14
1318,2006,14-11-23,159,9,3021,25.94,23,8
1319,2594,15-11-23,81,2,3067,4.41,71,9
1320,2083,16-11-23,402,1,3028,13.53,40,1
1321,2881,17-11-23,474,4,3052,14.13,65,11
1322,2805,18-11-23,366,9,3066,25.04,43,8
1323,2917,19-11-23,71,6,3071,28.74,75,8
1324,2692,20-11-23,93,6,3017,21.59,40,3
1325,2520,21-11-23,483,5,3069,26.15,52,8
1326,2697,22-11-23,479,2,3010,14.29,74,6
1327,2360,23-11-23,93,8,3023,18.96,61,6
1328,2147,24-11-23,380,6,3072,10.45,92,13
1329,2719,25-11-23,369,7,3049,0.64,60,1
1330,2103,26-11-23,347,4,3056,9.29,73,12
1331,2315,27-11-23,238,1,3056,23.46,21,14
1332,2651,28-11-23,209,8,3008,16.6,96,10
1333,2771,29-11-23,455,6,3075,16.83,78,12
1334,2585,30-11-23,218,9,3006,3.04,9,14
1335,2462,01-12-23,426,3,3031,12.16,97,3
1336,2507,02-12-23,183,4,3099,28.94,28,12
1337,2811,03-12-23,488,3,3069,18.14,17,8
1338,2162,04-12-23,300,5,3058,24.78,58,8
1339,2968,05-12-23,315,5,3095,20.61,40,10
1340,2482,06-12-23,60,8,3078,10.22,11,3
1341,2626,07-12-23,132,5,3076,15.42,94,5
1342,2691,08-12-23,419,7,3036,28.57,9,1
1343,2995,09-12-23,420,3,3041,23.38,85,5
1344,2024,10-12-23,476,6,3089,10.35,29,5
1345,2750,11-12-23,384,4,3060,10.82,90,13
1346,2679,12-12-23,352,9,3100,20.29,87,1
1347,2140,13-12-23,120,4,3056,2.68,8,12
1348,2081,14-12-23,150,7,3084,22.32,51,5
1349,2673,15-12-23,159,5,3006,16.43,67,10
1350,2307,16-12-23,292,6,3076,11.15,37,5
1351,2485,17-12-23,241,5,3035,13.99,85,3
1352,2977,18-12-23,160,6,3068,1.43,84,5
1353,2991,19-12-23,200,4,3008,20.3,85,8
1354,2752,20-12-23,472,1,3060,4.93,87,1
1355,2389,21-12-23,418,3,3083,4.54,83,14
1356,2723,22-12-23,326,1,3038,1.91,32,13
1357,2645,23-12-23,131,1,3090,0.23,64,3
1358,2547,24-12-23,408,8,3092,6,58,12
1359,2365,25-12-23,363,7,3047,21.47,21,14
1360,2043,26-12-23,139,5,3061,29.66,69,7
1361,2969,27-12-23,412,8,3073,22.37,67,3
1362,2713,28-12-23,236,8,3081,15.32,97,3
1363,2533,29-12-23,396,1,3007,0.05,58,7
1364,2814,30-12-23,73,2,3017,20.87,18,3
1365,2631,31-12-23,171,2,3011,28.85,34,11
1366,2486,01-01-24,169,7,3026,2.06,61,11
1367,2810,02-01-24,385,8,3014,18.72,79,10
1368,2393,03-01-24,251,9,3002,2.5,79,13
1369,2512,04-01-24,474,6,3081,4.28,99,9
1370,2116,05-01-24,293,3,3046,3.34,84,13
1371,2593,06-01-24,241,1,3019,23.37,18,14
1372,2977,07-01-24,143,9,3034,19.12,47,6
1373,2666,08-01-24,378,3,3079,28.04,47,14
1374,2377,09-01-24,135,4,3016,17.36,21,4
1375,2937,10-01-24,419,9,3058,22.05,43,11
1376,2190,11-01-24,310,6,3053,9.06,93,12
1377,2926,12-01-24,490,9,3085,17.03,31,11
1378,2171,13-01-24,450,2,3023,19.59,56,13
1379,2959,14-01-24,480,5,3037,27.44,31,11
1380,2612,15-01-24,443,8,3011,15.09,45,1
1381,2992,16-01-24,68,3,3059,26.92,90,13
1382,2256,17-01-24,185,4,3094,27.59,70,5
1383,2409,18-01-24,89,3,3071,26.2,97,9
1384,2986,19-01-24,440,3,3005,11.75,10,6
1385,2166,20-01-24,50,6,3081,23.22,61,10
1386,2629,21-01-24,478,1,3048,19.99,31,6
1387,2122,22-01-24,197,5,3067,19.68,44,13
1388,2468,23-01-24,445,4,3093,9.06,73,2
1389,2236,24-01-24,271,4,3006,22.54,25,8
1390,2712,25-01-24,139,4,3018,28.48,12,6
1391,2101,26-01-24,330,8,3093,17.29,68,10
1392,2404,27-01-24,101,5,3030,0.58,82,12
1393,2445,28-01-24,171,3,3001,9.45,26,5
1394,2995,29-01-24,475,3,3044,24.46,21,1
1395,2514,30-01-24,497,9,3022,8.71,52,4
1396,2039,31-01-24,448,7,3062,11.03,15,13
1397,2767,01-02-24,91,1,3025,12.75,38,11
1398,2712,02-02-24,272,4,3026,24.64,91,1
1399,2207,03-02-24,205,4,3036,23.5,39,12
1400,2687,04-02-24,267,7,3082,23.43,59,4
1401,2363,05-02-24,319,8,3094,15.89,35,9
1402,2048,06-02-24,319,4,3071,17.75,82,7
1403,2609,07-02-24,472,2,3070,28.88,75,4
1404,2752,08-02-24,246,6,3046,24.35,16,4
1405,2046,09-02-24,69,6,3033,13.94,43,12
1406,2274,10-02-24,212,6,3039,7.84,95,7
1407,2529,11-02-24,381,1,3005,17.52,28,13
1408,2861,12-02-24,105,6,3053,9.19,76,14
1409,2531,13-02-24,478,6,3007,14.58,61,8
1410,2767,14-02-24,417,9,3055,3.15,68,2
1411,2058,15-02-24,482,1,3012,20.21,33,5
1412,2226,16-02-24,205,8,3036,9.74,83,14
1413,2261,17-02-24,393,7,3050,8.49,9,2
1414,2554,18-02-24,205,2,3032,27.13,87,4
1415,2167,19-02-24,488,5,3069,8.77,80,6
1416,2703,20-02-24,266,6,3019,25.11,8,14
1417,2415,21-02-24,99,8,3045,21.05,93,13
1418,2069,22-02-24,408,4,3012,16.47,77,3
1419,2848,23-02-24,62,5,3042,4.41,54,3
1420,2307,24-02-24,415,8,3094,3.21,24,3
1421,2399,25-02-24,165,3,3031,20.78,29,13
1422,2260,26-02-24,213,8,3055,29.07,14,10
1423,2272,27-02-24,167,1,3098,16.8,77,7
1424,2460,28-02-24,388,5,3066,6.04,35,4
1425,2481,29-02-24,490,1,3019,18.9,19,4
1426,2376,01-03-24,147,8,3030,5.96,48,9
1427,2577,02-03-24,393,8,3015,29.03,76,9
1428,2924,03-03-24,266,7,3041,16.72,16,1
1429,2273,04-03-24,353,4,3022,17.2,32,7
1430,2498,05-03-24,258,8,3034,15.77,20,6
1431,2155,06-03-24,275,6,3018,5.08,13,14
1432,2670,07-03-24,165,7,3026,22.94,39,4
1433,2731,08-03-24,129,5,3088,15.12,30,2
1434,2726,09-03-24,179,9,3033,19.42,16,3
1435,2648,10-03-24,364,6,3017,19.86,41,9
1436,2564,11-03-24,302,2,3073,11.04,87,3
1437,2238,12-03-24,329,9,3080,5.05,82,7
1438,2436,13-03-24,483,9,3076,21.18,98,10
1439,2930,14-03-24,487,8,3078,7.9,62,8
1440,2616,15-03-24,325,2,3055,21.11,95,4
1441,2118,16-03-24,112,7,3002,18.88,18,9
1442,2040,17-03-24,387,9,3085,13.16,56,7
1443,2738,18-03-24,406,8,3061,29.86,53,9
1444,2315,19-03-24,156,1,3075,23.37,43,7
1445,2757,20-03-24,163,1,3086,10.81,85,2
1446,2323,21-03-24,353,1,3098,1.99,24,5
1447,2030,22-03-24,125,9,3074,14.47,49,6
1448,2694,23-03-24,121,2,3065,17.47,74,11
1449,2069,24-03-24,478,8,3047,24.44,71,8
1450,2013,25-03-24,169,3,3076,17.82,20,2
1451,2518,26-03-24,341,8,3093,23.94,26,7
1452,2930,27-03-24,154,3,3080,6.86,30,14
1453,2728,28-03-24,162,5,3093,10.48,98,6
1454,2721,29-03-24,286,3,3053,14.81,91,8
1455,2027,30-03-24,290,7,3079,19.53,45,11
1456,2860,31-03-24,487,4,3024,12.1,90,2
1457,2160,01-04-24,357,8,3063,19.76,92,4
1458,2639,02-04-24,296,5,3037,19.44,29,11
1459,2158,03-04-24,363,8,3075,1.64,21,11
1460,2131,04-04-24,355,9,3032,15,54,3
1461,2781,05-04-24,251,8,3023,10.43,89,12
1462,2184,06-04-24,364,5,3032,11.74,84,6
1463,2821,07-04-24,161,6,3050,22.94,57,10
1464,2466,08-04-24,77,5,3068,12.06,6,7
1465,2598,09-04-24,403,6,3016,24.47,95,6
1466,2381,10-04-24,222,1,3064,27.77,90,3
1467,2596,11-04-24,411,3,3022,20.83,91,10
1468,2926,12-04-24,467,4,3023,11.46,24,13
1469,2466,13-04-24,233,4,3033,24.66,40,14
1470,2555,14-04-24,169,8,3062,26.39,91,3
1471,2774,15-04-24,341,8,3090,2.85,73,10
1472,2652,16-04-24,364,9,3047,9.03,6,9
1473,2354,17-04-24,450,9,3045,9.37,66,5
1474,2510,18-04-24,195,4,3002,5.66,55,14
1475,2216,19-04-24,232,4,3038,3.03,62,1
1476,2811,20-04-24,62,1,3044,5.06,40,14
1477,2231,21-04-24,427,3,3040,14.86,81,4
1478,2449,22-04-24,203,9,3085,27.18,28,3
1479,2704,23-04-24,297,5,3058,13.23,46,1
1480,2374,24-04-24,62,9,3067,24.56,22,6
1481,2391,25-04-24,226,2,3048,26.24,13,14
1482,2694,26-04-24,179,1,3090,12.81,62,5
1483,2399,27-04-24,101,2,3024,15.26,48,14
1484,2498,28-04-24,111,4,3034,10.86,53,11
1485,2409,29-04-24,400,7,3009,12.24,85,7
1486,2353,30-04-24,336,6,3041,8.53,98,6
1487,2101,01-05-24,498,6,3048,20.05,22,11
1488,2608,02-05-24,269,6,3010,23.41,25,2
1489,2253,03-05-24,65,3,3053,10.58,61,7
1490,2781,04-05-24,461,3,3084,3.22,91,14
1491,2557,05-05-24,104,5,3065,27.12,77,2
1492,2301,06-05-24,428,3,3059,26.77,26,1
1493,2966,07-05-24,157,8,3037,11.63,68,1
1494,2859,08-05-24,69,4,3096,9.31,65,13
1495,2294,09-05-24,132,9,3086,12.3,96,7
1496,2426,10-05-24,185,4,3025,26.45,58,11
1497,2276,11-05-24,376,4,3076,6.39,15,9
1498,2919,12-05-24,228,2,3027,2.82,36,14
1499,2076,13-05-24,315,4,3099,11.45,54,14
1500,2951,14-05-24,147,9,3062,4.63,42,8
1501,2746,15-05-24,231,8,3007,10.71,87,14
1502,2621,16-05-24,482,9,3031,21.42,80,10
1503,2085,17-05-24,169,8,3073,2.58,80,8
1504,2684,18-05-24,69,5,3005,2.81,10,10
1505,2053,19-05-24,123,1,3025,29.53,72,1
1506,2775,20-05-24,82,6,3045,5.81,93,12
1507,2744,21-05-24,426,7,3027,22.61,57,14
1508,2151,22-05-24,499,2,3074,5,72,7
1509,2577,23-05-24,439,7,3019,8.56,48,6
1510,2733,24-05-24,258,3,3001,2.31,68,12
1511,2280,25-05-24,306,2,3052,27.95,68,6
1512,2577,26-05-24,119,5,3071,17.44,96,6
1513,2961,27-05-24,215,3,3039,8.36,48,7
1514,2879,28-05-24,349,9,3004,19.52,36,5
1515,2976,29-05-24,145,4,3037,22.98,44,8
1516,2054,30-05-24,445,1,3027,25.51,80,12
1517,2852,31-05-24,245,3,3038,25.91,63,2
1518,2912,01-06-24,337,5,3088,20.68,25,6
1519,2833,02-06-24,173,6,3044,10.06,26,4
1520,2771,03-06-24,203,9,3048,27.12,53,13
1521,2564,04-06-24,126,9,3006,1.72,99,5
1522,2624,05-06-24,241,3,3050,11.16,14,13
1523,2523,06-06-24,369,6,3080,22.44,55,11
1524,2681,07-06-24,219,4,3018,27.83,29,10
1525,2524,08-06-24,373,2,3081,11.46,95,3
1526,2393,09-06-24,387,5,3089,25.36,65,8
1527,2496,10-06-24,415,4,3040,24.49,53,4
1528,2895,11-06-24,290,7,3017,0.58,96,5
1529,2268,12-06-24,146,7,3062,0.5,7,2
1530,2363,13-06-24,418,3,3026,4.93,40,1
1531,2054,14-06-24,201,2,3062,13.18,76,4
1532,2284,15-06-24,312,7,3055,25.96,48,1
1533,2854,16-06-24,451,6,3087,19.73,15,3
1534,2490,17-06-24,105,6,3086,12.7,23,1
1535,2269,18-06-24,227,5,3062,13.29,25,11
1536,2848,19-06-24,60,8,3009,0.65,33,5
1537,2348,20-06-24,121,5,3098,14.5,11,9
1538,2140,21-06-24,302,1,3001,26.6,82,12
1539,2368,22-06-24,467,1,3018,2.16,55,11
1540,2473,23-06-24,287,5,3098,10.26,41,12
1541,2375,24-06-24,290,3,3050,26.67,72,9
1542,2030,25-06-24,384,1,3066,8.8,60,12
1543,2473,26-06-24,423,9,3041,23.37,65,8
1544,2855,27-06-24,444,2,3071,23.68,24,2
1545,2779,28-06-24,91,9,3040,8.46,94,1
1546,2586,29-06-24,135,4,3040,24.8,34,7
1547,2788,30-06-24,115,1,3026,6.77,55,13
1548,2491,01-07-24,93,3,3038,5.11,41,2
1549,2240,02-07-24,175,5,3081,9.4,9,5
1550,2206,03-07-24,403,5,3072,9.7,33,3
1551,2618,04-07-24,57,8,3019,9.21,15,6
1552,2913,05-07-24,293,3,3011,11.47,23,14
1553,2340,06-07-24,220,1,3070,5.31,30,13
1554,2866,07-07-24,300,4,3092,8.27,18,8
1555,2520,08-07-24,139,4,3058,0.81,30,1
1556,2832,09-07-24,222,8,3045,22.65,18,3
1557,2836,10-07-24,293,6,3004,24.58,65,9
1558,2060,11-07-24,50,8,3085,14.95,25,11
1559,2699,12-07-24,498,4,3067,3.13,46,2
1560,2977,13-07-24,387,7,3059,4.52,19,12
1561,2262,14-07-24,386,3,3098,3.5,45,6
1562,2753,15-07-24,90,5,3033,13.37,17,13
1563,2970,16-07-24,295,1,3034,4.94,5,6
1564,2195,17-07-24,76,5,3042,29.45,44,14
1565,2351,18-07-24,119,1,3096,11.05,55,14
1566,2956,19-07-24,244,8,3073,22.6,70,13
1567,2562,20-07-24,467,7,3018,17.88,66,8
1568,2595,21-07-24,119,9,3023,11.8,38,4
1569,2675,22-07-24,166,9,3094,21.2,82,11
1570,2071,23-07-24,210,9,3056,26.36,26,2
1571,2362,24-07-24,413,9,3059,17.69,90,11
1572,2594,25-07-24,478,2,3007,22.5,7,13
1573,2033,26-07-24,237,2,3083,26.58,20,9
1574,2477,27-07-24,407,7,3074,19.68,88,2
1575,2533,28-07-24,193,9,3046,3.3,83,12
1576,2147,29-07-24,471,5,3044,11.58,27,5
1577,2957,30-07-24,373,3,3015,22.46,41,6
1578,2722,31-07-24,94,9,3021,0.55,86,13
1579,2880,01-08-24,149,5,3098,2.41,5,10
1580,2202,02-08-24,367,9,3084,29.85,82,3
1581,2838,03-08-24,176,9,3059,1.02,48,14
1582,2067,04-08-24,311,6,3050,22.93,62,4
1583,2163,05-08-24,334,3,3044,15.31,92,14
1584,2699,06-08-24,271,7,3050,21.76,37,5
1585,2073,07-08-24,122,9,3034,10.92,6,14
1586,2747,08-08-24,428,7,3077,26.12,13,5
1587,2455,09-08-24,66,9,3080,20.76,29,13
1588,2618,10-08-24,158,2,3061,15.4,88,6
1589,2802,11-08-24,379,5,3091,8.71,65,8
1590,2232,12-08-24,342,4,3012,11.05,5,5
1591,2999,13-08-24,425,3,3052,15.53,27,7
1592,2091,14-08-24,211,8,3066,4.05,60,3
1593,2776,15-08-24,79,7,3041,4.35,39,8
1594,2372,16-08-24,393,8,3008,4.7,23,2
1595,2558,17-08-24,412,4,3065,10.76,49,4
1596,2367,18-08-24,327,8,3096,6.56,58,10
1597,2742,19-08-24,361,3,3062,11.22,93,12
1598,2969,20-08-24,231,9,3050,18.97,51,1
1599,2258,21-08-24,53,9,3049,2.67,46,3
1600,2842,22-08-24,262,4,3053,8.63,74,5
1601,2270,23-08-24,92,5,3020,20.62,71,11
1602,2282,24-08-24,317,6,3073,4.52,87,13
1603,2273,25-08-24,442,8,3032,4.04,9,5
1604,2931,26-08-24,303,3,3014,5.21,93,10
1605,2185,27-08-24,130,7,3006,13.12,91,8
1606,2398,28-08-24,337,7,3024,5.2,78,7
1607,2262,29-08-24,455,4,3082,0.11,54,5
1608,2531,30-08-24,446,1,3090,6.33,46,7
1609,2954,31-08-24,355,2,3072,0.03,29,7
1610,2008,01-09-24,91,7,3087,7.41,74,13
1611,2423,02-09-24,63,3,3067,18.35,55,6
1612,2994,03-09-24,228,3,3067,25.92,93,6
1613,2670,04-09-24,128,8,3006,10.79,31,1
1614,2229,05-09-24,358,6,3006,15.97,83,1
1615,2819,06-09-24,212,2,3027,17.84,52,6
1616,2820,07-09-24,493,9,3012,11.49,30,6
1617,2849,08-09-24,312,1,3027,29.14,67,2
1618,2299,09-09-24,228,2,3051,14.84,8,1
1619,2398,10-09-24,397,7,3021,17.55,13,14
1620,2746,11-09-24,130,3,3081,23.63,93,13
1621,2296,12-09-24,393,1,3015,23.07,53,12
1622,2981,13-09-24,388,3,3059,6.63,64,6
1623,2646,14-09-24,387,3,3060,26.17,43,14
1624,2175,15-09-24,212,2,3090,14.87,82,12
1625,2538,16-09-24,134,3,3065,28.75,53,1
1626,2135,17-09-24,241,1,3079,16.84,44,13
1627,2372,18-09-24,301,1,3055,6.81,6,11
1628,2784,19-09-24,234,2,3042,4.93,12,8
1629,2615,20-09-24,175,6,3021,18.49,42,6
1630,2553,21-09-24,374,6,3066,28.86,71,6
1631,2379,22-09-24,275,9,3035,21.5,80,1
1632,2349,23-09-24,294,8,3082,8.92,87,10
1633,2078,24-09-24,288,1,3095,10.41,25,8
1634,2428,25-09-24,93,9,3035,26.69,63,4
1635,2424,26-09-24,236,3,3033,23.22,17,14
1636,2987,27-09-24,222,8,3005,3.63,53,11
1637,2983,28-09-24,152,4,3092,18.49,47,10
1638,2978,29-09-24,175,2,3047,25.72,35,1
1639,2766,30-09-24,116,6,3032,0.33,90,1
1640,2234,01-10-24,93,8,3031,10.45,15,11
1641,2856,02-10-24,213,2,3011,20.77,5,14
1642,2914,03-10-24,183,9,3066,21.45,38,12
1643,2782,04-10-24,216,7,3090,13.5,6,12
1644,2432,05-10-24,192,8,3051,13.37,14,5
1645,2432,06-10-24,422,4,3071,13.97,53,4
1646,2365,07-10-24,444,7,3070,16.33,55,9
1647,2789,08-10-24,203,1,3086,27.28,40,10
1648,2074,09-10-24,131,1,3083,17.38,33,5
1649,2706,10-10-24,278,3,3040,29.95,51,13
1650,2754,11-10-24,167,1,3012,2.73,21,14
1651,2225,12-10-24,76,5,3009,2.52,36,9
1652,2520,13-10-24,403,3,3020,1.61,66,13
1653,2147,14-10-24,324,4,3080,26.26,38,11
1654,2493,15-10-24,472,2,3042,23.53,85,5
1655,2684,16-10-24,477,1,3094,19.01,19,7
1656,2447,17-10-24,323,5,3012,29.2,61,11
1657,2872,18-10-24,299,4,3067,9.37,99,6
1658,2866,19-10-24,473,2,3092,22.24,93,7
1659,2115,20-10-24,499,9,3028,0.34,88,6
1660,2747,21-10-24,136,8,3092,28.18,28,5
1661,2183,22-10-24,62,3,3013,24.92,50,12
1662,2152,23-10-24,199,5,3071,16.87,29,14
1663,2110,24-10-24,376,5,3095,25.91,96,9
1664,2161,25-10-24,75,7,3015,21.89,33,1
1665,2054,26-10-24,198,6,3068,26.17,81,4
1666,2099,27-10-24,436,7,3068,10.39,62,1
1667,2408,28-10-24,270,1,3053,28.5,32,1
1668,2100,29-10-24,316,4,3059,20.04,19,5
1669,2812,30-10-24,431,5,3061,2.73,66,3
1670,2375,31-10-24,148,1,3070,17.51,26,4
1671,2148,01-11-24,376,2,3025,24.91,45,13
1672,2713,02-11-24,414,6,3076,23.32,84,13
1673,2024,03-11-24,219,4,3013,13.23,72,13
1674,2118,04-11-24,421,5,3078,15.01,12,5
1675,2697,05-11-24,313,2,3062,4.98,13,14
1676,2787,06-11-24,263,9,3083,20.32,96,8
1677,2314,07-11-24,58,4,3055,28.79,10,11
1678,2703,08-11-24,386,3,3094,29.39,55,5
1679,2642,09-11-24,455,2,3098,26.83,49,1
1680,2778,10-11-24,201,6,3060,23.2,92,3
1681,2272,11-11-24,86,6,3004,10.67,58,4
1682,2041,12-11-24,445,2,3087,10.34,44,13
1683,2150,13-11-24,263,5,3063,29.35,76,9
1684,2131,14-11-24,339,5,3093,16.04,34,12
1685,2430,15-11-24,94,7,3013,17.57,95,13
1686,2764,16-11-24,146,2,3098,1.38,26,14
1687,2606,17-11-24,74,1,3014,23.11,58,9
1688,2317,18-11-24,485,2,3011,12.84,31,11
1689,2753,19-11-24,123,2,3041,29.47,51,14
1690,2738,20-11-24,308,2,3050,4.14,25,7
1691,2096,21-11-24,157,8,3058,14.37,28,4
1692,2016,22-11-24,429,1,3074,3.82,25,10
1693,2465,23-11-24,166,4,3038,25.77,78,11
1694,2185,24-11-24,407,6,3019,27.43,75,12
1695,2932,25-11-24,264,7,3018,20,12,1
1696,2485,26-11-24,413,6,3023,8.22,84,3
1697,2994,27-11-24,361,4,3012,2.79,49,3
1698,2347,28-11-24,155,8,3064,26.22,12,7
1699,2268,29-11-24,256,7,3043,15.35,48,14
1700,2333,30-11-24,276,4,3067,6.57,59,4
1701,2461,01-12-24,91,6,3022,7.11,99,6
1702,2202,02-12-24,445,5,3097,6.39,99,10
1703,2776,03-12-24,412,9,3058,16.19,50,6
1704,2115,04-12-24,354,6,3059,9.22,55,10
1705,2872,05-12-24,206,1,3008,4.57,61,14
1706,2795,06-12-24,290,1,3033,16.52,88,5
1707,2283,07-12-24,195,7,3046,8.07,5,1
1708,2191,08-12-24,199,4,3094,13.63,55,10
1709,2849,09-12-24,77,4,3089,15.68,41,2
1710,2364,10-12-24,198,6,3016,22.55,63,14
1711,2288,11-12-24,456,9,3037,5.7,69,13
1712,2642,12-12-24,167,2,3071,24.48,60,4
1713,2053,13-12-24,182,8,3017,11.02,89,8
1714,2458,14-12-24,308,4,3041,10.6,10,12
1715,2299,15-12-24,256,5,3053,12.18,83,3
1716,2538,16-12-24,474,2,3067,20.32,35,6
1717,2047,17-12-24,402,2,3035,15.09,48,1
1718,2178,18-12-24,487,9,3033,25.04,12,11
1719,2869,19-12-24,480,3,3077,18.43,76,5
1720,2241,20-12-24,284,7,3089,3.84,40,14
1721,2744,21-12-24,279,1,3006,24.25,92,6
1722,2663,22-12-24,252,8,3001,24.11,99,11
1723,2239,23-12-24,66,3,3071,12.59,25,12
1724,2828,24-12-24,344,8,3044,14.38,14,4
1725,2122,25-12-24,120,7,3046,24.17,56,6
1726,2423,26-12-24,87,4,3088,14.03,50,1
1727,2116,27-12-24,282,5,3048,1.49,36,7
1728,2639,28-12-24,360,2,3031,15.69,77,10
1729,2530,29-12-24,302,2,3055,2.36,93,6
1730,2061,30-12-24,63,4,3005,12.04,50,2
1731,2039,31-12-24,241,9,3068,21.03,16,7
1732,2917,01-01-25,181,6,3016,21.28,20,4
1733,2792,02-01-25,59,4,3031,2.59,39,10
1734,2957,03-01-25,340,3,3030,26,82,2
1735,2167,04-01-25,361,1,3010,20.4,47,5
1736,2457,05-01-25,58,5,3084,15.9,71,6
1737,2760,06-01-25,186,3,3029,17.91,7,9
1738,2607,07-01-25,114,3,3028,15.06,37,13
1739,2638,08-01-25,322,6,3095,12.94,45,8
1740,2627,09-01-25,382,1,3089,2.16,19,7
1741,2259,10-01-25,250,7,3080,8.7,70,6
1742,2104,11-01-25,308,8,3054,0.73,80,10
1743,2504,12-01-25,129,3,3047,2.66,66,13
1744,2104,13-01-25,209,6,3081,11.74,82,3
1745,2621,14-01-25,120,5,3054,16.59,36,10
1746,2399,15-01-25,386,4,3053,21.39,92,2
1747,2457,16-01-25,196,8,3040,13.58,71,13
1748,2082,17-01-25,178,8,3015,5.8,66,14
1749,2508,18-01-25,266,5,3023,1.22,89,12
1750,2881,19-01-25,133,9,3097,28.25,28,2
1751,2739,20-01-25,330,3,3054,9.98,38,4
1752,2341,21-01-25,79,8,3007,8.74,85,7
1753,2440,22-01-25,334,2,3055,2.8,32,5
1754,2073,23-01-25,487,4,3068,14.29,57,7
1755,2368,24-01-25,103,1,3045,24.26,68,11
1756,2063,25-01-25,375,4,3026,22.37,22,5
1757,2058,26-01-25,140,9,3054,28.27,72,5
1758,2842,27-01-25,72,2,3009,18.18,57,1
1759,2021,28-01-25,399,1,3081,19.91,57,12
1760,2272,29-01-25,344,3,3019,8.62,26,4
1761,2664,30-01-25,95,6,3036,8.93,55,10
1762,2739,31-01-25,186,5,3077,5.97,23,8
1763,2696,01-02-25,348,9,3081,8.88,64,6
1764,2879,02-02-25,283,4,3041,21.46,11,6
1765,2187,03-02-25,60,1,3055,8.16,22,14
1766,2097,04-02-25,462,2,3009,21.48,39,11
1767,2363,05-02-25,197,7,3068,1.53,10,7
1768,2950,06-02-25,485,1,3011,22.37,82,8
1769,2632,07-02-25,134,7,3060,0.49,18,14
1770,2454,08-02-25,136,6,3052,15.34,88,3
1771,2714,09-02-25,166,3,3030,16.35,92,9
1772,2812,10-02-25,427,9,3047,19.13,46,5
1773,2353,11-02-25,62,8,3026,5.35,13,4
1774,2840,12-02-25,309,7,3022,3.39,38,4
1775,2663,13-02-25,375,7,3046,10.23,94,1
1776,2130,14-02-25,208,3,3086,1.27,49,6
1777,2504,15-02-25,404,5,3010,2.74,97,3
1778,2953,16-02-25,284,2,3089,0.54,39,13
1779,2331,17-02-25,494,4,3004,18.42,51,12
1780,2865,18-02-25,429,4,3067,22.69,6,3
1781,2714,19-02-25,76,8,3043,1.28,67,13
1782,2567,20-02-25,442,2,3054,28.16,26,14
1783,2994,21-02-25,421,7,3082,27.48,53,1
1784,2509,22-02-25,166,9,3038,19.01,39,3
1785,2881,23-02-25,353,7,3081,0.63,10,11
1786,2651,24-02-25,331,6,3055,4.18,10,8
1787,2030,25-02-25,101,7,3080,27.89,21,9
1788,2562,26-02-25,211,4,3055,23.36,44,13
1789,2742,27-02-25,319,9,3039,16.17,92,11
1790,2966,28-02-25,183,7,3065,19.84,50,7
1791,2250,01-03-25,330,4,3070,17.32,31,7
1792,2308,02-03-25,167,8,3015,3.67,44,5
1793,2466,03-03-25,322,8,3046,13.2,99,2
1794,2013,04-03-25,86,6,3013,28.07,58,13
1795,2875,05-03-25,439,8,3028,29.11,36,3
1796,2196,06-03-25,361,7,3060,0.71,39,11
1797,2542,07-03-25,188,5,3064,11.76,74,1
1798,2239,08-03-25,132,7,3058,16.6,90,3
1799,2014,09-03-25,251,3,3085,14.99,56,8
1800,2808,10-03-25,469,6,3089,24.86,31,2
1801,2594,11-03-25,371,8,3019,23.36,47,6
1802,2251,12-03-25,124,1,3073,25.39,94,1
1803,2293,13-03-25,456,7,3026,13.86,94,2
1804,2276,14-03-25,251,5,3036,16.59,23,6
1805,2876,15-03-25,177,3,3083,10.99,13,13
1806,2132,16-03-25,373,8,3073,4.73,98,13
1807,2631,17-03-25,58,6,3030,13.26,88,10
1808,2819,18-03-25,211,7,3100,13.69,13,8
1809,2886,19-03-25,252,2,3039,7.48,13,10
1810,2092,20-03-25,213,6,3081,17.21,86,13
1811,2100,21-03-25,313,2,3014,29.9,75,2
1812,2959,22-03-25,157,5,3100,8.27,10,9
1813,2475,23-03-25,127,9,3039,10.23,73,12
1814,2227,24-03-25,258,9,3026,28.18,12,10
1815,2881,25-03-25,339,1,3058,22.36,53,9
1816,2031,26-03-25,233,8,3036,5.03,49,4
1817,2853,27-03-25,325,1,3074,0.29,89,6
1818,2973,28-03-25,178,8,3070,15.09,29,7
1819,2973,29-03-25,232,9,3036,22.44,13,10
1820,2878,30-03-25,326,9,3049,23.89,37,9
1821,2549,31-03-25,487,2,3059,7.59,20,2
1822,2782,01-04-25,398,4,3025,10.18,11,1
1823,2937,02-04-25,187,6,3055,20.18,13,11
1824,2649,03-04-25,147,9,3030,11.84,23,1
1825,2197,04-04-25,141,8,3057,2.43,79,4
1826,2719,05-04-25,228,7,3016,13.83,42,3
1827,2075,06-04-25,341,2,3067,12.28,18,2
1828,2398,07-04-25,109,4,3098,11.8,42,4
1829,2887,08-04-25,451,8,3097,24.43,90,8
1830,2586,09-04-25,127,6,3089,6.43,85,2
1831,2544,10-04-25,120,9,3050,21.8,63,14
1832,2041,11-04-25,185,9,3062,0.76,88,2
1833,2934,12-04-25,92,7,3076,22.13,67,14
1834,2667,13-04-25,185,7,3089,24.66,40,13
1835,2223,14-04-25,428,4,3062,22.19,47,1
1836,2233,15-04-25,344,1,3030,7.17,34,4
1837,2120,16-04-25,333,9,3014,9.36,50,9
1838,2623,17-04-25,374,6,3066,16.56,46,8
1839,2038,18-04-25,365,6,3053,17.15,58,11
1840,2285,19-04-25,275,6,3019,24,70,4
1841,2952,20-04-25,308,3,3005,2.26,93,7
1842,2500,21-04-25,470,3,3027,12.99,24,7
1843,2620,22-04-25,166,5,3025,3.97,44,9
1844,2154,23-04-25,322,7,3030,12.54,5,7
1845,2489,24-04-25,262,8,3096,12.2,78,3
1846,2132,25-04-25,336,2,3060,5.94,87,7
1847,2351,26-04-25,260,8,3052,17.76,41,6
1848,2899,27-04-25,381,3,3026,1.52,59,4
1849,2801,28-04-25,292,8,3086,29.18,98,6
1850,2976,29-04-25,334,6,3046,23.25,36,1
1851,2646,30-04-25,316,3,3023,15.8,68,10
1852,2423,01-05-25,476,4,3050,13.61,66,12
1853,2555,02-05-25,424,7,3057,18.56,36,6
1854,2193,03-05-25,107,5,3061,29.15,90,10
1855,2773,04-05-25,287,7,3055,25.94,24,9
1856,2177,05-05-25,232,4,3078,6.56,61,14
1857,2569,06-05-25,366,7,3031,19.26,63,8
1858,2924,07-05-25,359,7,3077,13.39,41,4
1859,2042,08-05-25,294,6,3015,12.06,48,5
1860,2722,09-05-25,130,2,3017,7.56,92,9
1861,2222,10-05-25,212,1,3013,20.76,74,14
1862,2353,11-05-25,94,4,3096,9.38,91,8
1863,2587,12-05-25,119,4,3068,26.9,7,10
1864,2886,13-05-25,115,5,3022,17.43,55,10
1865,2110,14-05-25,496,8,3079,17.75,68,8
1866,2974,15-05-25,469,5,3031,26.31,30,5
1867,2957,16-05-25,103,4,3014,23.09,18,2
1868,2226,17-05-25,487,2,3012,25.7,80,4
1869,2197,18-05-25,432,1,3050,19.21,35,9
1870,2873,19-05-25,318,5,3087,21.69,31,13
1871,2752,20-05-25,364,5,3041,22.18,60,5
1872,2596,21-05-25,209,3,3089,28.4,49,2
1873,2846,22-05-25,177,6,3056,9.94,70,8
1874,2474,23-05-25,383,8,3028,5.8,55,10
1875,2077,24-05-25,473,4,3026,8.56,82,10
1876,2084,25-05-25,120,7,3043,1.47,7,3
1877,2563,26-05-25,360,5,3037,14.83,15,5
1878,2447,27-05-25,301,4,3056,17.19,78,10
1879,2938,28-05-25,76,2,3092,23.02,29,2
1880,2604,29-05-25,322,4,3055,4.35,72,1
1881,2606,30-05-25,412,9,3036,19.3,82,9
1882,2609,31-05-25,341,4,3012,2.54,95,8
1883,2547,01-06-25,185,6,3022,2.58,65,13
1884,2912,02-06-25,78,9,3091,0.28,61,6
1885,2694,03-06-25,252,1,3097,15.06,7,13
1886,2634,04-06-25,457,4,3063,29.92,88,14
1887,2064,05-06-25,243,5,3018,10.49,13,10
1888,2871,06-06-25,355,7,3059,28.82,60,5
1889,2988,07-06-25,332,2,3037,25.98,27,10
1890,2835,08-06-25,452,9,3038,6.84,10,13
1891,2601,09-06-25,316,9,3043,26.76,14,8
1892,2416,10-06-25,192,6,3027,20.56,99,13
1893,2154,11-06-25,385,5,3024,8.94,99,5
1894,2163,12-06-25,325,5,3090,0.52,14,12
1895,2076,13-06-25,158,3,3072,17.85,62,10
1896,2952,14-06-25,199,5,3056,26.55,44,9
1897,2029,15-06-25,385,5,3079,20.8,23,1
1898,2186,16-06-25,149,8,3020,15.3,97,14
1899,2259,17-06-25,147,4,3088,25.36,39,14
1900,2668,18-06-25,385,7,3087,12.15,84,1
1901,2399,19-06-25,400,4,3073,25.65,89,5
1902,2255,20-06-25,101,2,3092,18.33,8,8
1903,2732,21-06-25,217,8,3032,26.33,50,8
1904,2437,22-06-25,189,1,3067,25.76,14,9
1905,2003,23-06-25,184,4,3076,25.16,55,14
1906,2365,24-06-25,283,3,3005,29.12,80,13
1907,2801,25-06-25,300,7,3022,1.03,43,9
1908,2858,26-06-25,403,2,3028,17.17,71,12
1909,2450,27-06-25,116,7,3049,21.85,44,11
1910,2585,28-06-25,290,7,3038,20.29,25,8
1911,2508,29-06-25,480,2,3004,16.87,21,14
1912,2877,30-06-25,66,8,3004,2.22,50,7
1913,2490,01-07-25,54,7,3055,28.35,47,4
1914,2172,02-07-25,87,9,3033,16.1,24,12
1915,2642,03-07-25,332,1,3029,21.82,6,12
1916,2250,04-07-25,137,6,3024,28.95,46,1
1917,2074,05-07-25,417,4,3046,12.8,14,13
1918,2568,06-07-25,249,4,3032,7.07,79,14
1919,2226,07-07-25,75,8,3098,22.17,32,1
1920,2522,08-07-25,429,3,3053,27.56,60,10
1921,2259,09-07-25,232,7,3016,25.88,12,9
1922,2296,10-07-25,175,3,3100,7.18,31,13
1923,2090,11-07-25,261,9,3090,17.53,50,9
1924,2541,12-07-25,343,5,3005,26.81,53,1
1925,2927,13-07-25,195,2,3047,11.81,6,12
1926,2425,14-07-25,362,7,3046,13.44,49,12
1927,2373,15-07-25,51,6,3084,10.25,94,4
1928,2081,16-07-25,77,1,3041,24.17,70,12
1929,2737,17-07-25,116,9,3008,11.96,45,4
1930,2622,18-07-25,194,9,3059,14.6,83,7
1931,2646,19-07-25,252,5,3096,9.65,60,3
1932,2224,20-07-25,151,7,3068,19.88,99,13
1933,2010,21-07-25,344,1,3076,21.01,91,2
1934,2527,22-07-25,197,4,3066,10.53,96,8
1935,2065,23-07-25,450,7,3005,24.86,96,2
1936,2480,24-07-25,89,9,3004,24.02,17,4
1937,2373,25-07-25,321,7,3009,24.52,27,11
1938,2219,26-07-25,448,6,3007,19.52,81,5
1939,2285,27-07-25,92,7,3029,8.53,50,8
1940,2446,28-07-25,51,6,3086,4.72,30,3
1941,2897,29-07-25,339,6,3099,2.84,89,7
1942,2481,30-07-25,124,1,3049,13.84,50,2
1943,2332,31-07-25,271,9,3084,4.76,8,9
1944,2918,01-08-25,297,2,3055,10.17,22,2
1945,2564,02-08-25,76,3,3038,11.16,5,6
1946,2941,03-08-25,375,6,3002,26.24,39,1
1947,2133,04-08-25,313,6,3041,8.69,72,10
1948,2607,05-08-25,438,3,3016,22.13,98,3
1949,2278,06-08-25,257,3,3028,22.1,52,1
1950,2432,07-08-25,375,2,3031,3.57,58,2
1951,2759,08-08-25,115,2,3052,17.39,16,8
1952,2865,09-08-25,165,2,3050,9.12,22,3
1953,2816,10-08-25,187,3,3072,2.09,34,5
1954,2028,11-08-25,372,6,3089,28.36,52,5
1955,2655,12-08-25,401,3,3070,20.44,65,1
1956,2643,13-08-25,324,1,3013,28.75,99,3
1957,2479,14-08-25,361,5,3026,3.05,92,11
1958,2657,15-08-25,200,9,3035,1.95,87,9
1959,2869,16-08-25,493,6,3095,14.65,16,3
1960,2446,17-08-25,178,9,3083,0.12,32,2
1961,2740,18-08-25,77,7,3008,10.19,71,6
1962,2679,19-08-25,369,2,3042,28.24,60,6
1963,2220,20-08-25,242,7,3091,12.84,64,13
1964,2606,21-08-25,309,3,3033,24.52,63,10
1965,2143,22-08-25,424,1,3075,22.87,14,9
1966,2662,23-08-25,80,9,3058,26.51,49,3
1967,2759,24-08-25,237,5,3037,15.54,59,9
1968,2978,25-08-25,214,9,3063,5.36,7,4
1969,2560,26-08-25,250,5,3052,12.72,6,9
1970,2508,27-08-25,458,3,3067,13.36,96,7
1971,2103,28-08-25,240,5,3097,23.69,55,7
1972,2825,29-08-25,142,5,3094,6.61,65,14
1973,2821,30-08-25,343,4,3012,24.57,47,13
1974,2979,31-08-25,114,7,3007,0.82,59,1
1975,2132,01-09-25,230,1,3098,21.76,78,7
1976,2059,02-09-25,115,2,3017,12.16,40,3
1977,2006,03-09-25,488,3,3053,28.41,76,5
1978,2583,04-09-25,69,9,3021,21.41,85,13
1979,2313,05-09-25,330,3,3004,13.35,20,12
1980,2117,06-09-25,252,5,3007,29.36,27,11
1981,2149,07-09-25,128,3,3086,28.97,36,11
1982,2229,08-09-25,244,5,3037,9.67,40,5
1983,2639,09-09-25,425,8,3043,1.46,98,4
1984,2108,10-09-25,441,4,3098,17.26,29,13
1985,2272,11-09-25,451,4,3088,2.61,30,7
1986,2830,12-09-25,128,2,3092,3.2,53,2
1987,2192,13-09-25,354,5,3050,9.99,35,5
1988,2982,14-09-25,206,4,3029,9.75,85,3
1989,2294,15-09-25,335,2,3078,26.87,8,8
1990,2727,16-09-25,306,1,3024,11.19,59,1
1991,2304,17-09-25,114,8,3098,18.98,16,3
1992,2307,18-09-25,260,7,3064,21.04,31,11
1993,2889,19-09-25,460,7,3002,13.52,86,8
1994,2140,20-09-25,323,9,3065,9.5,96,8
1995,2366,21-09-25,487,3,3097,7.27,9,7
1996,2382,22-09-25,191,9,3060,18.44,99,6
1997,2710,23-09-25,371,5,3068,18.33,23,10
1998,2729,24-09-25,173,2,3100,25.33,29,6
1999,2008,25-09-25,376,1,3005,15.72,84,3
2000,2662,26-09-25,250,2,3039,7.49,35,6
